T, A, B, dA, dB
0.0, 1.0, 1.57, 0.000657572318707, -0.0841456824873
0.01, 1.00000657572, 1.56915854318, 0.000884881401364, -0.0841446560331
0.02, 1.00001769763, 1.56831710688, 0.00133948289128, -0.084142090664
0.03, 1.00003336538, 1.56747570136, 0.00179403802657, -0.0841384213106
0.04, 1.00005357839, 1.56663433845, 0.00224851710888, -0.0841338343038
0.05, 1.00007833572, 1.56579302468, 0.00270290104329, -0.0841283013701
0.06, 1.00010763641, 1.56495177243, 0.00315719638653, -0.0841215617622
0.07, 1.00014147965, 1.56411059344, 0.00361141209573, -0.0841136483999
0.08, 1.00017986465, 1.56326949946, 0.00406554817088, -0.0841045612832
0.09, 1.00022279061, 1.56242850221, 0.00451959609356, -0.0840943127211
0.1, 1.00027025657, 1.5615876132, 0.00497345635934, -0.0840830464946
0.11, 1.00032225974, 1.56074684128, 0.00542707873882, -0.0840708351839
0.12, 1.00037879815, 1.5599061965, 0.00588052446984, -0.0840575903019
0.13, 1.00043987023, 1.55906568948, 0.00633381403369, -0.0840432822538
0.14, 1.00050547443, 1.55822533085, 0.00678694743037, -0.0840279110396
0.15, 1.00057560918, 1.55738513126, 0.00723991268203, -0.0840114770371
0.16, 1.00065027268, 1.55654510131, 0.00769259397024, -0.0839939839008
0.17, 1.00072946106, 1.55570525158, 0.00814493918552, -0.0839754332749
0.18, 1.00081317147, 1.55486559265, 0.00859702052756, -0.0839558228812
0.19, 1.00090140147, 1.55402613512, 0.00904885846492, -0.0839351520739
0.2, 1.00099414864, 1.55318688961, 0.00950045299764, -0.083913420853
0.21, 1.00109141053, 1.55234786671, 0.00995151159491, -0.0838906424783
0.22, 1.00119317887, 1.55150907676, 0.0104026263981, -0.0838667901094
0.23, 1.00129946306, 1.5506705309, 0.0108535226568, -0.0838418762
0.24, 1.00141024932, 1.54983223923, 0.0113035939143, -0.0838159282396
0.25, 1.00152553494, 1.54899421234, 0.0117533858356, -0.0837889214943
0.26, 1.00164531704, 1.5481564608, 0.0122028838177, -0.0837608566261
0.27, 1.00176959261, 1.54731899521, 0.0126520588156, -0.0837317353358
0.28, 1.00189835821, 1.5464818261, 0.0131007987744, -0.0837015652961
0.29, 1.00203160859, 1.5456449639, 0.0135490590333, -0.0836703493312
0.3, 1.00216933939, 1.54480841911, 0.0139968884763, -0.0836380835359
0.31, 1.00231154636, 1.54397220223, 0.0144442805035, -0.0836047679963
0.32, 1.002458225, 1.54313632375, 0.0148912154482, -0.0835704037386
0.33, 1.00260937067, 1.54230079415, 0.0153376736439, -0.083534991789
0.34, 1.00276497848, 1.54146562391, 0.0157836354237, -0.0834985331737
0.35, 1.00292504337, 1.54063082349, 0.016229081121, -0.083461028919
0.36, 1.0030895601, 1.53979640334, 0.0166739910691, -0.083422480051
0.37, 1.0032585232, 1.53896237389, 0.0171183456012, -0.083382887596
0.38, 1.00343192701, 1.53812874558, 0.0175621252993, -0.0833422526017
0.39, 1.0036097657, 1.53729552884, 0.0180053509224, -0.0833005796018
0.4, 1.00379203403, 1.53646273399, 0.0184480443324, -0.0832578732255
0.41, 1.00397872659, 1.53563037137, 0.0188901644044, -0.0832141326372
0.42, 1.00416983732, 1.53479845134, 0.0193316701211, -0.083169357011
0.43, 1.00436535999, 1.53396698423, 0.0197725447337, -0.0831235476259
0.44, 1.00456528821, 1.53313598039, 0.020212771493, -0.0830767057615
0.45, 1.00476961542, 1.53230545012, 0.0206523336501, -0.0830288326971
0.46, 1.00497833489, 1.53147540373, 0.0210912144562, -0.082979929712
0.47, 1.00519143971, 1.53064585152, 0.0215293971622, -0.0829299980856
0.48, 1.00540892283, 1.52981680377, 0.0219668650192, -0.0828790390973
0.49, 1.00563077701, 1.52898827074, 0.0224036012783, -0.0828270540264
0.5, 1.00585699485, 1.52816026269, 0.0228396042414, -0.0827740456273
0.51, 1.0060875691, 1.52733278983, 0.0232749127529, -0.0827200206278
0.52, 1.00632249311, 1.52650586228, 0.0237095162859, -0.082664980917
0.53, 1.00656175942, 1.52567949021, 0.0241433620064, -0.0826089242378
0.54, 1.00680536035, 1.52485368379, 0.0245764328364, -0.0825518518373
0.55, 1.00705328808, 1.52402845317, 0.0250087148984, -0.0824937652763
0.56, 1.00730553465, 1.52320380849, 0.0254401943146, -0.0824346661155
0.57, 1.00756209196, 1.52237975985, 0.0258708572075, -0.0823745559157
0.58, 1.00782295179, 1.52155631737, 0.0263006896995, -0.0823134362376
0.59, 1.00808810576, 1.52073349113, 0.026729677913, -0.0822513086421
0.6, 1.00835754535, 1.5199112912, 0.0271578079703, -0.0821881746898
0.61, 1.00863126192, 1.51908972763, 0.0275850663621, -0.0821240362473
0.62, 1.00890924668, 1.51826881047, 0.0280114474259, -0.0820589016953
0.63, 1.00919149087, 1.5174485496, 0.0284369425486, -0.0819927769653
0.64, 1.00947798553, 1.51662895493, 0.0288615328281, -0.0819256594466
0.65, 1.00976872152, 1.51581003641, 0.0292852021871, -0.081857548874
0.66, 1.01006368957, 1.51499180395, 0.0297079372324, -0.0817884472101
0.67, 1.01036288027, 1.51417426747, 0.0301297245706, -0.0817183564181
0.68, 1.01066628406, 1.51335743683, 0.0305505508086, -0.0816472784606
0.69, 1.01097389128, 1.5125413219, 0.0309704025532, -0.0815752153006
0.7, 1.01128569211, 1.51172593252, 0.031389266411, -0.0815021689009
0.71, 1.01160167661, 1.51091127852, 0.0318071289888, -0.0814281412245
0.72, 1.01192183469, 1.5100973697, 0.0322239768934, -0.0813531342342
0.73, 1.01224615615, 1.50928421583, 0.0326397732919, -0.0812771339431
0.74, 1.01257463016, 1.50847182702, 0.0330545834487, -0.0812001958377
0.75, 1.01290724782, 1.50766021192, 0.0334683779939, -0.0811223110091
0.76, 1.01324399772, 1.5068493808, 0.0338810700117, -0.0810434313911
0.77, 1.01358486922, 1.50603934329, 0.0342926907338, -0.0809635893122
0.78, 1.01392985153, 1.50523010901, 0.0347032269405, -0.0808827868531
0.79, 1.01427893376, 1.50442168755, 0.0351126654637, -0.0808010261302
0.8, 1.01463210484, 1.50361408849, 0.0355209931872, -0.0807183092947
0.81, 1.01498935362, 1.50280732137, 0.0359281970467, -0.0806346385333
0.82, 1.01535066878, 1.50200139572, 0.0363342640294, -0.0805500160678
0.83, 1.0157160389, 1.50119632105, 0.0367391811745, -0.0804644441554
0.84, 1.01608545241, 1.50039210683, 0.0371429372737, -0.0803779260564
0.85, 1.01645889765, 1.49958876252, 0.0375455342066, -0.0802904724861
0.86, 1.01683636309, 1.49878629738, 0.0379469641923, -0.0802020886671
0.87, 1.01721783693, 1.49798472075, 0.0383472041667, -0.0801127711293
0.88, 1.01760330718, 1.49718404196, 0.0387462395162, -0.0800225212178
0.89, 1.01799276172, 1.49638427033, 0.0391440583781, -0.0799313418493
0.9, 1.01838618834, 1.49558541513, 0.0395406489686, -0.0798392359913
0.91, 1.0187835747, 1.49478748561, 0.0399359995835, -0.0797462066622
0.92, 1.01918490834, 1.49399049099, 0.0403300985975, -0.0796522569312
0.93, 1.01959017667, 1.49319444047, 0.0407229344645, -0.0795573899182
0.94, 1.01999936702, 1.49239934319, 0.0411144957179, -0.0794616087942
0.95, 1.02041246659, 1.49160520829, 0.0415047709699, -0.0793649167809
0.96, 1.02082946244, 1.49081204486, 0.0418937489121, -0.0792673171508
0.97, 1.02125034157, 1.49001986195, 0.0422814183152, -0.0791688132272
0.98, 1.02167509081, 1.48922866859, 0.0426677680293, -0.0790694083845
0.99, 1.02210369693, 1.48843847378, 0.0430527869834, -0.0789691060476
1.0, 1.02253614655, 1.48764928647, 0.0434364641859, -0.0788679096925
1.01, 1.02297242621, 1.48686111559, 0.043818789008, -0.0787658228915
1.02, 1.02341252233, 1.48607397001, 0.0441997582487, -0.0786628504488
1.03, 1.02385642137, 1.48528785858, 0.0445793660483, -0.0785589967796
1.04, 1.02430410965, 1.48450279008, 0.0449575966522, -0.0784542647467
1.05, 1.02475557331, 1.48371877328, 0.0453344370642, -0.0783486576943
1.06, 1.02521079839, 1.48293581692, 0.0457098772266, -0.0782421794771
1.07, 1.02566977085, 1.48215392969, 0.0460839071767, -0.0781348340031
1.08, 1.02613247654, 1.48137312024, 0.0464565170474, -0.0780266252338
1.09, 1.02659890119, 1.48059339719, 0.0468276970666, -0.0779175571842
1.1, 1.02706903048, 1.4798147691, 0.0471974375574, -0.0778076339226
1.11, 1.02754284994, 1.47903724451, 0.0475657289384, -0.0776968595707
1.12, 1.02802034506, 1.47826083191, 0.0479325617234, -0.0775852383037
1.13, 1.02850150118, 1.47748553975, 0.0482979265214, -0.0774727743502
1.14, 1.02898630359, 1.47671137642, 0.0486618140367, -0.0773594719923
1.15, 1.02947473746, 1.47593835031, 0.0490242150688, -0.0772453355653
1.16, 1.02996678789, 1.47516646971, 0.0493851205126, -0.0771303694581
1.17, 1.03046243987, 1.47439574292, 0.0497445213582, -0.0770145781131
1.18, 1.03096167831, 1.47362617815, 0.0501024086864, -0.0768979660199
1.19, 1.03146448804, 1.4728577836, 0.0504587687615, -0.0767805312063
1.2, 1.03197085369, 1.47209056753, 0.0508135871741, -0.0766622707335
1.21, 1.03248075979, 1.47132453818, 0.0511668581005, -0.0765431929785
1.22, 1.03299419085, 1.47055970367, 0.0515185763979, -0.0764233071482
1.23, 1.03351113131, 1.46979607204, 0.0518687332446, -0.076302617497
1.24, 1.03403156552, 1.46903365132, 0.0522173199006, -0.0761811283147
1.25, 1.03455547771, 1.46827244947, 0.0525643277077, -0.0760588439265
1.26, 1.03508285207, 1.46751247444, 0.0529097480896, -0.0759357686931
1.27, 1.03561367267, 1.4667537341, 0.0532535725515, -0.0758119070109
1.28, 1.03614792352, 1.4659962363, 0.0535957926805, -0.0756872633114
1.29, 1.03668558853, 1.46523998883, 0.0539364001453, -0.0755618420619
1.3, 1.03722665152, 1.46448499946, 0.0542753866964, -0.075435647765
1.31, 1.03777109626, 1.46373127588, 0.054612744166, -0.0753086849589
1.32, 1.03831890641, 1.46297882576, 0.0549484644682, -0.0751809582171
1.33, 1.03887006555, 1.46222765671, 0.0552825395986, -0.0750524721487
1.34, 1.0394245572, 1.46147777631, 0.0556149616347, -0.0749232313982
1.35, 1.03998236478, 1.46072919208, 0.0559457227356, -0.0747932406457
1.36, 1.04054347165, 1.4599819115, 0.0562748168646, -0.0746625038475
1.37, 1.04110786112, 1.45923594201, 0.0566022401381, -0.0745310240819
1.38, 1.04167551646, 1.45849129102, 0.0569279844391, -0.0743988063653
1.39, 1.04224642081, 1.45774796588, 0.0572520396964, -0.074265856647
1.4, 1.04282055725, 1.45700597389, 0.0575743986194, -0.074132179722
1.41, 1.04339790878, 1.45626532229, 0.0578950540733, -0.0739977803883
1.42, 1.04397845833, 1.45552601828, 0.0582139990123, -0.0738626634757
1.43, 1.04456218876, 1.45478806902, 0.05853122648, -0.0737268338466
1.44, 1.04514908286, 1.4540514816, 0.0588467296088, -0.0735902963956
1.45, 1.04573912336, 1.45331626309, 0.0591605016206, -0.0734530560492
1.46, 1.0463322929, 1.45258242048, 0.0594725358261, -0.0733151177663
1.47, 1.04692857407, 1.45184996073, 0.0597828256253, -0.0731764865382
1.48, 1.04752794941, 1.45111889075, 0.0600913645074, -0.0730371673882
1.49, 1.04813040136, 1.45038921738, 0.0603981460506, -0.0728971653718
1.5, 1.04873591233, 1.44966094744, 0.0607031639223, -0.0727564855767
1.51, 1.04934446464, 1.44893408767, 0.0610064118791, -0.072615133123
1.52, 1.04995604057, 1.44820864478, 0.0613078837665, -0.0724731131628
1.53, 1.05057062232, 1.44748462541, 0.0616075745152, -0.0723304304538
1.54, 1.05118819206, 1.44676203617, 0.061905482315, -0.0721870884275
1.55, 1.05180873196, 1.44604088364, 0.0622016017433, -0.0720430921336
1.56, 1.05243222409, 1.44532117433, 0.0624959240786, -0.0718984481061
1.57, 1.05305865044, 1.44460291468, 0.0627884435017, -0.0717531617056
1.58, 1.05368799296, 1.44388611109, 0.0630791546117, -0.071607238184
1.59, 1.05432023354, 1.44317076992, 0.0633680521047, -0.0714606828218
1.6, 1.054955354, 1.44245689744, 0.0636551307732, -0.0713135009288
1.61, 1.05559333615, 1.4417444999, 0.0639403855065, -0.0711656978437
1.62, 1.05623416171, 1.44103358348, 0.0642238112907, -0.0710172789339
1.63, 1.05687781238, 1.44032415432, 0.0645054032084, -0.0708682495962
1.64, 1.05752426978, 1.43961621849, 0.0647851564392, -0.0707186152561
1.65, 1.05817351551, 1.43890978201, 0.0650630662589, -0.0705683813682
1.66, 1.0588255311, 1.43820485086, 0.0653391280406, -0.070417553416
1.67, 1.05948029807, 1.43750143095, 0.0656133372536, -0.0702661369119
1.68, 1.06013779785, 1.43679952812, 0.0658856894642, -0.0701141373974
1.69, 1.06079801186, 1.4360991482, 0.0661561803353, -0.069961560443
1.7, 1.06146092145, 1.43540029691, 0.0664248059315, -0.0698084113759
1.71, 1.06212650797, 1.43470297997, 0.066691564836, -0.0696546933926
1.72, 1.06279475275, 1.43400720305, 0.066956453956, -0.0695004112995
1.73, 1.06346563705, 1.43331297174, 0.0672194674349, -0.0693455724829
1.74, 1.0641391421, 1.4326202916, 0.0674806010523, -0.0691901829853
1.75, 1.06481524907, 1.43192916808, 0.0677398511972, -0.0690342484209
1.76, 1.06549393912, 1.43123960663, 0.0679972143604, -0.068877774428
1.77, 1.06617519336, 1.4305516126, 0.0682526871346, -0.0687207666698
1.78, 1.06685899287, 1.42986519129, 0.0685062662142, -0.0685632308334
1.79, 1.06754531869, 1.42918034798, 0.0687579483955, -0.0684051726308
1.8, 1.06823415183, 1.42849708784, 0.0690077305763, -0.0682465977982
1.81, 1.0689254733, 1.42781541602, 0.0692556097564, -0.0680875120964
1.82, 1.06961926403, 1.4271353376, 0.0695015830374, -0.0679279213104
1.83, 1.07031550496, 1.4264568576, 0.0697456476226, -0.0677678312499
1.84, 1.07101417698, 1.42577998098, 0.0699878008171, -0.0676072477488
1.85, 1.07171526097, 1.42510471264, 0.0702280400277, -0.0674461766657
1.86, 1.07241873778, 1.42443105744, 0.0704663627631, -0.0672846238834
1.87, 1.07312458823, 1.42375902016, 0.0707027666883, -0.0671225951582
1.88, 1.07383279312, 1.42308860554, 0.0709372510364, -0.0669600922149
1.89, 1.07454333325, 1.42241981832, 0.0711698145114, -0.0667971185482
1.9, 1.07525618941, 1.42175266317, 0.0714004538704, -0.0666336833432
1.91, 1.07597134233, 1.42108714465, 0.0716291665724, -0.0664697941507
1.92, 1.07668877274, 1.42042326728, 0.0718559507842, -0.0663054568683
1.93, 1.07740846134, 1.41976103552, 0.0720808047758, -0.0661406774148
1.94, 1.07813038883, 1.41910045374, 0.0723037269203, -0.0659754617301
1.95, 1.07885453588, 1.41844152628, 0.0725247156937, -0.0658098157749
1.96, 1.07958088315, 1.41778425742, 0.0727437696749, -0.0656437455312
1.97, 1.08030941128, 1.41712865137, 0.0729608875461, -0.0654772570019
1.98, 1.0810401009, 1.41647471228, 0.0731760680922, -0.0653103562108
1.99, 1.08177293264, 1.41582244425, 0.0733893102013, -0.0651430492029
2.0, 1.0825078871, 1.4151718513, 0.0736006128645, -0.064975342044
2.01, 1.08324494489, 1.41452293741, 0.0738099751759, -0.0648072408213
2.02, 1.08398408661, 1.41387570648, 0.0740173963327, -0.0646387516427
2.03, 1.08472529282, 1.41323016237, 0.0742228756348, -0.0644698806372
2.04, 1.08546854412, 1.41258630887, 0.0744264124856, -0.0643006339548
2.05, 1.08621382107, 1.41194414969, 0.074628006391, -0.0641310177667
2.06, 1.08696110425, 1.41130368851, 0.0748276569604, -0.0639610382649
2.07, 1.08771037421, 1.41066492893, 0.0750253639058, -0.0637907016625
2.08, 1.08846161152, 1.41002787448, 0.0752211270425, -0.0636200141936
2.09, 1.08921479675, 1.40939252864, 0.0754149462886, -0.0634489821135
2.1, 1.08996991045, 1.40875889484, 0.0756068216655, -0.0632776116983
2.11, 1.09072693318, 1.40812697641, 0.0757967533121, -0.0631059083265
2.12, 1.09148584552, 1.40749677667, 0.0759847416526, -0.0629338660721
2.13, 1.09224662802, 1.40686829909, 0.0761707870963, -0.0627614863719
2.14, 1.09300926126, 1.40624154694, 0.0763548899228, -0.0625887851238
2.15, 1.09377372582, 1.40561652339, 0.0765370506214, -0.0624157716488
2.16, 1.09454000227, 1.40499323151, 0.0767172698368, -0.0622424519951
2.17, 1.09530807121, 1.40437167435, 0.0768955483174, -0.0620688322225
2.18, 1.09607791324, 1.40375185487, 0.0770718869145, -0.0618949184026
2.19, 1.09684950895, 1.40313377598, 0.0772462865825, -0.0617207166191
2.2, 1.09762283897, 1.40251744053, 0.0774187483792, -0.0615462329674
2.21, 1.09839788392, 1.40190285132, 0.0775892734653, -0.0613714735547
2.22, 1.09917462444, 1.40129001106, 0.0777578631048, -0.0611964445003
2.23, 1.09995304118, 1.40067892243, 0.077924518665, -0.0610211519351
2.24, 1.10073311481, 1.40006958802, 0.078089241616, -0.0608456020021
2.25, 1.10151482601, 1.39946201039, 0.0782520335314, -0.0606698008559
2.26, 1.10229815548, 1.39885619201, 0.0784128960877, -0.0604937546631
2.27, 1.10308308393, 1.3982521353, 0.0785718310649, -0.0603174696022
2.28, 1.1038695921, 1.39764984261, 0.0787288403458, -0.0601409518636
2.29, 1.10465766074, 1.39704931626, 0.0788839259165, -0.0599642076493
2.3, 1.10544727062, 1.39645055846, 0.0790370898664, -0.0597872431735
2.31, 1.10623840254, 1.39585357139, 0.0791883343879, -0.059610064662
2.32, 1.10703103731, 1.39525835717, 0.0793376617766, -0.0594326783525
2.33, 1.10782515577, 1.39466491783, 0.0794850744312, -0.0592550904947
2.34, 1.1086207388, 1.39407325536, 0.0796305748537, -0.0590773073501
2.35, 1.10941776727, 1.39348337168, 0.0797741646435, -0.058899333378
2.36, 1.11021622209, 1.39289526869, 0.0799158386689, -0.0587211607238
2.37, 1.11101608405, 1.39230894847, 0.0800555977996, -0.058542792182
2.38, 1.11181733405, 1.39172441285, 0.0801934511226, -0.0583642451944
2.39, 1.11261995307, 1.39114166356, 0.0803294028288, -0.0581855281976
2.4, 1.1134239221, 1.39056070228, 0.0804634558216, -0.0580066471321
2.41, 1.11422922218, 1.38998153062, 0.0805956131023, -0.0578276079403
2.42, 1.11503583437, 1.38940415012, 0.0807258777694, -0.0576484165665
2.43, 1.11584373974, 1.38882856229, 0.0808542530193, -0.0574690789566
2.44, 1.11665291943, 1.38825476854, 0.0809807421458, -0.0572896010581
2.45, 1.11746335458, 1.38768277027, 0.0811053485401, -0.0571099888206
2.46, 1.1182750264, 1.38711256877, 0.0812280756912, -0.0569302481951
2.47, 1.1190879161, 1.3865441653, 0.0813489271857, -0.0567503851345
2.48, 1.11990200494, 1.38597756107, 0.0814679067074, -0.0565704055937
2.49, 1.12071727423, 1.38541275719, 0.081585018038, -0.0563903155289
2.5, 1.1215337053, 1.38484975476, 0.0817002650567, -0.0562101208983
2.51, 1.12235127953, 1.38428855477, 0.0818136517401, -0.0560298276619
2.52, 1.12316997834, 1.3837291582, 0.0819251821625, -0.0558494417814
2.53, 1.12398978317, 1.38317156594, 0.0820348604958, -0.0556689692202
2.54, 1.12481067555, 1.38261577882, 0.0821426910093, -0.0554884159434
2.55, 1.12563263699, 1.38206179762, 0.0822486780699, -0.055307787918
2.56, 1.12645564911, 1.38150962306, 0.0823528261421, -0.0551270911128
2.57, 1.12727969352, 1.3809592558, 0.0824551397881, -0.0549463314981
2.58, 1.1281047519, 1.38041069643, 0.0825556236673, -0.0547655150461
2.59, 1.12893080599, 1.3798639455, 0.0826542795682, -0.0545846447854
2.6, 1.12975783749, 1.37931900353, 0.0827510974275, -0.0544037118909
2.61, 1.13058582794, 1.37877587126, 0.0828460805708, -0.0542227207261
2.62, 1.13141475911, 1.37823454912, 0.0829392458135, -0.0540416889435
2.63, 1.13224461286, 1.37769503748, 0.0830305995445, -0.0538606237555
2.64, 1.1330753711, 1.37715733664, 0.0831201465996, -0.0536795307391
2.65, 1.13390701579, 1.37662144686, 0.0832078919017, -0.0534984154624
2.66, 1.13473952894, 1.37608736833, 0.0832938404606, -0.0533172834847
2.67, 1.1355728926, 1.37555510119, 0.0833779973733, -0.0531361403568
2.68, 1.13640708888, 1.37502464553, 0.0834603678238, -0.0529549916207
2.69, 1.13724209995, 1.37449600136, 0.083540957083, -0.0527738428098
2.7, 1.13807790802, 1.37396916867, 0.0836197705089, -0.0525926994488
2.71, 1.13891449536, 1.37344414737, 0.0836968135468, -0.0524115670536
2.72, 1.1397518443, 1.37292093733, 0.0837720917286, -0.0522304511316
2.73, 1.1405899372, 1.37239953835, 0.0838456106736, -0.0520493571815
2.74, 1.14142875651, 1.37187995019, 0.0839173760879, -0.051868290693
2.75, 1.14226828472, 1.37136217254, 0.0839873937648, -0.0516872571476
2.76, 1.14310850438, 1.37084620504, 0.0840556695845, -0.0515062620178
2.77, 1.14394939811, 1.3703320473, 0.0841222095145, -0.0513253107674
2.78, 1.14479094857, 1.36981969883, 0.084187019609, -0.0511444088518
2.79, 1.1456331385, 1.36930915912, 0.0842501060094, -0.0509635617174
2.8, 1.14647595069, 1.36880042759, 0.0843114749441, -0.0507827748021
2.81, 1.147319368, 1.36829350362, 0.0843711327288, -0.050602053535
2.82, 1.14816337335, 1.36778838652, 0.0844290857657, -0.0504214033367
2.83, 1.14900794972, 1.36728507556, 0.0844853346243, -0.0502408257046
2.84, 1.14985308004, 1.36678357001, 0.0845398657126, -0.0500603127074
2.85, 1.15069874703, 1.3662838693, 0.0845926862821, -0.0498798701282
2.86, 1.15154493377, 1.36578597261, 0.0846438188823, -0.0496995137983
2.87, 1.15239162341, 1.36528987903, 0.0846932710352, -0.049519249547
2.88, 1.15323879919, 1.36479558762, 0.0847410491006, -0.0493390823693
2.89, 1.15408644439, 1.36430309738, 0.0847871595111, -0.049159017242
2.9, 1.15493454238, 1.36381240727, 0.084831608772, -0.0489790591235
2.91, 1.15578307657, 1.3633235162, 0.0848744034608, -0.0487992129541
2.92, 1.15663203045, 1.36283642301, 0.0849155502278, -0.0486194836558
2.93, 1.15748138757, 1.36235112652, 0.0849550557958, -0.0484398761322
2.94, 1.15833113156, 1.36186762549, 0.0849929269601, -0.0482603952688
2.95, 1.15918124611, 1.36138591862, 0.0850291705888, -0.0480810459328
2.96, 1.16003171497, 1.36090600457, 0.0850637936223, -0.0479018329732
2.97, 1.16088252198, 1.36042788196, 0.0850968030737, -0.0477227612207
2.98, 1.16173365104, 1.35995154935, 0.0851282060285, -0.0475438354877
2.99, 1.1625850861, 1.35947700525, 0.0851580096449, -0.0473650605684
3.0, 1.16343681123, 1.35900424813, 0.0851862211538, -0.0471864412387
3.01, 1.16428881053, 1.35853327642, 0.0852128478584, -0.0470079822563
3.02, 1.16514106819, 1.35806408849, 0.0852378971345, -0.0468296883607
3.03, 1.16599356847, 1.35759668266, 0.0852613764306, -0.046651564273
3.04, 1.16684629572, 1.3571310572, 0.0852832932678, -0.0464736146961
3.05, 1.16769923434, 1.35666721036, 0.0853036552394, -0.0462958443146
3.06, 1.16855236882, 1.35620514032, 0.0853224700118, -0.0461182577951
3.07, 1.16940568374, 1.35574484521, 0.0853397357502, -0.045940855436
3.08, 1.17025916353, 1.35528632321, 0.0853554376488, -0.0457636315912
3.09, 1.17111279249, 1.35482957258, 0.0853695876818, -0.045586592731
3.1, 1.17196655529, 1.35437459135, 0.0853822112259, -0.0454097513634
3.11, 1.17282043671, 1.35392137755, 0.0853933162661, -0.0452331120437
3.12, 1.17367442161, 1.35346992911, 0.0854029102351, -0.0450566790248
3.13, 1.17452849492, 1.35302024397, 0.0854110006209, -0.0448804565338
3.14, 1.17538264163, 1.35257231998, 0.0854175949674, -0.0447044487716
3.15, 1.17623684682, 1.35212615499, 0.0854227008733, -0.0445286599132
3.16, 1.17709109564, 1.35168174678, 0.0854263259934, -0.0443530941073
3.17, 1.17794537334, 1.35123909311, 0.0854284780377, -0.044177755477
3.18, 1.1787996652, 1.35079819168, 0.0854291647715, -0.0440026481191
3.19, 1.17965395663, 1.35035904015, 0.0854283940158, -0.0438277761045
3.2, 1.18050823308, 1.34992163615, 0.0854261736471, -0.0436531434779
3.21, 1.18136248011, 1.34948597728, 0.0854225115972, -0.0434787542582
3.22, 1.18221668332, 1.34905206107, 0.0854174158534, -0.0433046124381
3.23, 1.18307082842, 1.34861988503, 0.0854108944586, -0.0431307219844
3.24, 1.18392490121, 1.34818944663, 0.085402955511, -0.0429570868379
3.25, 1.18477888753, 1.34776074329, 0.0853936071645, -0.0427837109133
3.26, 1.18563277335, 1.34733377241, 0.0853828576281, -0.0426105980991
3.27, 1.18648654469, 1.34690853133, 0.0853707151666, -0.0424377522583
3.28, 1.18734018765, 1.34648501736, 0.0853571881, -0.0422651772273
3.29, 1.18819368845, 1.34606322779, 0.0853422848042, -0.0420928768167
3.3, 1.18904703335, 1.34564315983, 0.08532601371, -0.0419208548114
3.31, 1.18990020872, 1.34522481069, 0.0853083699962, -0.0417491110004
3.32, 1.19075320075, 1.34480817761, 0.0852893403731, -0.041577642605
3.33, 1.19160599553, 1.34439325784, 0.085268941421, -0.0414064557125
3.34, 1.19245857958, 1.34398004849, 0.0852471980874, -0.0412355588636
3.35, 1.19331093949, 1.34356854666, 0.0852241185182, -0.0410649555449
3.36, 1.19416306195, 1.34315874938, 0.0851997107675, -0.0408946491733
3.37, 1.19501493371, 1.34275065368, 0.0851739829272, -0.0407246431342
3.38, 1.19586654161, 1.34234425652, 0.0851469431261, -0.0405549407815
3.39, 1.19671787257, 1.34193955486, 0.0851185995307, -0.0403855454378
3.4, 1.1975689136, 1.34153654561, 0.0850889603446, -0.0402164603943
3.41, 1.19841965178, 1.34113522565, 0.0850580338092, -0.0400476889108
3.42, 1.19927007427, 1.34073559183, 0.0850258282027, -0.0398792342154
3.43, 1.20012016834, 1.34033764097, 0.0849923518413, -0.0397110995052
3.44, 1.20096992131, 1.33994136984, 0.0849576130781, -0.0395432879456
3.45, 1.2018193206, 1.33954677521, 0.0849216203038, -0.0393758026706
3.46, 1.20266835372, 1.33915385379, 0.0848843819464, -0.039208646783
3.47, 1.20351700824, 1.33876260227, 0.0848459064716, -0.0390418233539
3.48, 1.20436527184, 1.33837301732, 0.0848062023819, -0.0388753354233
3.49, 1.20521313229, 1.33798509557, 0.0847652782176, -0.0387091859994
3.5, 1.20606057741, 1.3375988336, 0.0847231425564, -0.0385433780594
3.51, 1.20690759514, 1.337214228, 0.084679804013, -0.0383779145486
3.52, 1.20775417349, 1.33683127531, 0.08463527124, -0.0382127983814
3.53, 1.20860030056, 1.33644997204, 0.084589552927, -0.0380480324405
3.54, 1.20944596455, 1.33607031466, 0.0845426577939, -0.0378836195759
3.55, 1.21029115372, 1.33569229965, 0.0844945781463, -0.0377195599947
3.56, 1.21113585611, 1.33531592346, 0.0844453043945, -0.0375558535652
3.57, 1.21198005981, 1.33494118257, 0.0843948567453, -0.0373925048493
3.58, 1.21282375325, 1.33456807337, 0.0843432570493, -0.0372295186326
3.59, 1.21366692495, 1.3341965922, 0.084290513546, -0.0370668975021
3.6, 1.21450956352, 1.33382673542, 0.0842366344943, -0.0369046440108
3.61, 1.21535165764, 1.33345849932, 0.0841816281733, -0.0367427606774
3.62, 1.21619319608, 1.3330918802, 0.0841255028815, -0.0365812499864
3.63, 1.2170341677, 1.33272687432, 0.0840682669375, -0.036420114388
3.64, 1.21787456142, 1.33236347792, 0.0840099286795, -0.0362593562984
3.65, 1.21871436627, 1.3320016872, 0.0839504964654, -0.0360989780994
3.66, 1.21955357135, 1.33164149835, 0.0838899786733, -0.0359389821386
3.67, 1.22039216584, 1.33128290755, 0.0838283837005, -0.0357793707296
3.68, 1.22123013902, 1.33092591094, 0.0837657199647, -0.0356201461515
3.69, 1.22206748024, 1.33057050463, 0.0837019959029, -0.0354613106495
3.7, 1.22290417894, 1.33021668473, 0.0836372199721, -0.0353028664342
3.71, 1.22374022464, 1.3298644473, 0.0835714006491, -0.0351448156824
3.72, 1.22457560695, 1.32951378841, 0.0835045464305, -0.0349871605364
3.73, 1.22541031557, 1.32916470409, 0.0834366658326, -0.0348299031044
3.74, 1.22624434027, 1.32881719035, 0.0833677673916, -0.0346730454605
3.75, 1.22707767092, 1.32847124318, 0.0832978596634, -0.0345165896444
3.76, 1.22791029746, 1.32812685856, 0.0832269512237, -0.0343605376616
3.77, 1.22874220994, 1.32778403243, 0.0831550506679, -0.0342048914835
3.78, 1.22957339848, 1.32744276073, 0.0830821663616, -0.0340496530422
3.79, 1.23040385327, 1.32710303937, 0.0830082892332, -0.0338948238818
3.8, 1.23123356426, 1.32676486425, 0.0829334141956, -0.0337404055924
3.81, 1.23206252155, 1.32642823126, 0.082857563005, -0.0335864002738
3.82, 1.23289071552, 1.32609313624, 0.0827807534209, -0.0334328099099
3.83, 1.23371813662, 1.32575957506, 0.0827029935475, -0.0332796362544
3.84, 1.23454477539, 1.32542754352, 0.0826242914924, -0.0331268810267
3.85, 1.23537062245, 1.32509703744, 0.0825446553677, -0.0329745459114
3.86, 1.2361956685, 1.3247680526, 0.082464093289, -0.0328226325586
3.87, 1.23701990432, 1.32444058479, 0.0823826133761, -0.0326711425839
3.88, 1.23784332077, 1.32411462975, 0.0823002237524, -0.0325200775684
3.89, 1.23866590879, 1.32379018323, 0.0822169325456, -0.0323694390587
3.9, 1.23948765942, 1.32346724097, 0.0821327478871, -0.0322192285667
3.91, 1.24030856375, 1.32314579866, 0.0820476779122, -0.03206944757
3.92, 1.24112861298, 1.32282585202, 0.0819617307603, -0.0319200975116
3.93, 1.24194779837, 1.32250739671, 0.0818749145746, -0.0317711797997
3.94, 1.24276611127, 1.32219042842, 0.0817872375021, -0.0316226958085
3.95, 1.24358354312, 1.3218749428, 0.081698707694, -0.031474646877
3.96, 1.24440008542, 1.32156093548, 0.0816093333052, -0.0313270343104
3.97, 1.24521572978, 1.32124840211, 0.0815191224947, -0.0311798593788
3.98, 1.24603046787, 1.3209373383, 0.0814280834253, -0.031033123318
3.99, 1.24684429145, 1.32062773964, 0.0813362242637, -0.0308868273292
4.0, 1.24765719236, 1.32031960175, 0.0812435531807, -0.0307409725792
4.01, 1.24846916251, 1.32001292019, 0.0811500783508, -0.0305955602002
4.02, 1.24928019392, 1.31970769054, 0.0810558072412, -0.0304505913839
4.03, 1.25009027866, 1.31940390836, 0.0809607313573, -0.0303060694002
4.04, 1.25089940855, 1.31910156916, 0.0808648498024, -0.0301619964795
4.05, 1.25170757565, 1.31880066843, 0.0807681835423, -0.0300183719256
4.06, 1.25251477222, 1.31850120172, 0.0806707464105, -0.0298751959517
4.07, 1.25332099058, 1.31820316452, 0.0805725460928, -0.0297324695505
4.08, 1.25412622314, 1.31790655233, 0.0804735902654, -0.0295901936821
4.09, 1.25493046239, 1.31761136064, 0.080373886595, -0.0294483692739
4.1, 1.25573370088, 1.31731758494, 0.0802734427392, -0.0293069972202
4.11, 1.25653593124, 1.3170252207, 0.0801722663461, -0.0291660783829
4.12, 1.2573371462, 1.31673426337, 0.0800703650544, -0.0290256135909
4.13, 1.25813733854, 1.31644470843, 0.0799677464936, -0.0288856036403
4.14, 1.25893650113, 1.3161565513, 0.0798644182837, -0.0287460492947
4.15, 1.25973462691, 1.31586978744, 0.0797603880353, -0.0286069512845
4.16, 1.26053170889, 1.31558441228, 0.0796556633498, -0.0284683103078
4.17, 1.26132774018, 1.31530042123, 0.0795502518191, -0.0283301270296
4.18, 1.26212271393, 1.31501780974, 0.0794441610258, -0.0281924020821
4.19, 1.2629166234, 1.31473657319, 0.0793373985431, -0.028055136065
4.2, 1.2637094619, 1.31445670701, 0.0792299719349, -0.0279183295451
4.21, 1.26450122284, 1.3141782066, 0.0791218887557, -0.0277819830562
4.22, 1.26529189968, 1.31390106735, 0.0790131565505, -0.0276460970998
4.23, 1.26608148597, 1.31362528466, 0.0789037828553, -0.0275106721441
4.24, 1.26686997533, 1.31335085391, 0.0787937751963, -0.027375708625
4.25, 1.26765736147, 1.31307777049, 0.0786831410907, -0.0272412069453
4.26, 1.26844363815, 1.31280602977, 0.0785718868734, -0.0271071678518
4.27, 1.26922879921, 1.31253562713, 0.078460006155, -0.0269735961413
4.28, 1.27001283828, 1.31226655785, 0.0783475013119, -0.0268404937603
4.29, 1.27079574923, 1.31199881725, 0.0782343906734, -0.0267078574965
4.3, 1.27157752609, 1.3117324007, 0.0781206847607, -0.0265756866092
4.31, 1.27235816293, 1.31146730352, 0.0780063906372, -0.0264439814324
4.32, 1.2731376539, 1.31120352107, 0.0778915153469, -0.0263127422704
4.33, 1.27391599324, 1.31094104868, 0.0777760659139, -0.0261819693982
4.34, 1.27469317522, 1.31067988168, 0.0776600493427, -0.0260516630613
4.35, 1.27546919422, 1.31042001542, 0.0775434726184, -0.0259218234756
4.36, 1.27624404467, 1.31016144521, 0.0774263427063, -0.0257924508277
4.37, 1.27701772108, 1.3099041664, 0.0773086665519, -0.0256635452745
4.38, 1.27779021801, 1.30964817431, 0.0771904510815, -0.0255351069437
4.39, 1.2785615301, 1.30939346426, 0.0770717032013, -0.0254071359334
4.4, 1.27933165207, 1.30914003159, 0.0769524297981, -0.025279632312
4.41, 1.2801005787, 1.30888787161, 0.0768326377392, -0.0251525961189
4.42, 1.28086830482, 1.30863697967, 0.0767123338719, -0.0250260273637
4.43, 1.28163482537, 1.30838735107, 0.0765915250242, -0.0248999260265
4.44, 1.28240013532, 1.30813898114, 0.0764702180044, -0.0247742920581
4.45, 1.28316422973, 1.30789186523, 0.0763484196009, -0.0246491253796
4.46, 1.28392710372, 1.30764599864, 0.0762261365829, -0.024524425883
4.47, 1.28468875246, 1.30740137671, 0.0761033756996, -0.0244001934304
4.48, 1.28544917123, 1.30715799477, 0.0759801436808, -0.0242764278547
4.49, 1.28620835534, 1.30691584815, 0.0758564472366, -0.0241531289593
4.5, 1.28696630018, 1.30667493219, 0.0757322916333, -0.0240302973613
4.51, 1.28772300117, 1.3064352422, 0.0756076734305, -0.0239079387943
4.52, 1.28847845364, 1.30619677341, 0.0754825970604, -0.0237860542872
4.53, 1.28923265311, 1.30595952112, 0.0753570771237, -0.0236646388056
4.54, 1.28998559519, 1.30572348064, 0.0752311215951, -0.0235436911981
4.55, 1.29073727554, 1.30548864729, 0.075104736788, -0.0234232112565
4.56, 1.29148768992, 1.30525501641, 0.0749779289886, -0.0233031987473
4.57, 1.29223683412, 1.30502258332, 0.0748507044567, -0.0231836534119
4.58, 1.29298470401, 1.30479134334, 0.0747230694251, -0.0230645749664
4.59, 1.29373129551, 1.30456129182, 0.0745950300996, -0.0229459631017
4.6, 1.29447660461, 1.30433242408, 0.0744665926595, -0.0228278174834
4.61, 1.29522062737, 1.30410473547, 0.074337763257, -0.0227101377519
4.62, 1.29596335988, 1.30387822133, 0.0742085480178, -0.0225929235227
4.63, 1.29670479833, 1.303652877, 0.0740789530403, -0.0224761743856
4.64, 1.29744493894, 1.30342869784, 0.0739489843965, -0.0223598899056
4.65, 1.29818377801, 1.3032056792, 0.0738186481315, -0.0222440696221
4.66, 1.2989213119, 1.30298381645, 0.0736879502633, -0.0221287130496
4.67, 1.29965753702, 1.30276310494, 0.0735568967834, -0.0220138196772
4.68, 1.30039244984, 1.30254354005, 0.0734254936564, -0.0218993889689
4.69, 1.30112604689, 1.30232511716, 0.07329374682, -0.0217854203635
4.7, 1.30185832477, 1.30210783165, 0.073161662185, -0.0216719132743
4.71, 1.30258928014, 1.3018916789, 0.0730292456356, -0.0215588670899
4.72, 1.30331890969, 1.3016766543, 0.0728965030291, -0.0214462811731
4.73, 1.3040472102, 1.30146275327, 0.0727634401958, -0.021334154862
4.74, 1.30477417849, 1.30124997121, 0.0726300616152, -0.021222488901
4.75, 1.30549981143, 1.30103830349, 0.0724963669241, -0.0211112892168
4.76, 1.30622410583, 1.30082774542, 0.0723623613694, -0.0210005556157
4.77, 1.30694705866, 1.30061829238, 0.0722280555137, -0.0208902821016
4.78, 1.30766866694, 1.30040993978, 0.0720934554967, -0.020780467407
4.79, 1.30838892777, 1.30020268303, 0.0719585668192, -0.0206711109008
4.8, 1.30910783828, 1.29999651756, 0.0718233949509, -0.0205622119314
4.81, 1.30982539566, 1.2997914388, 0.0716879453302, -0.0204537698268
4.82, 1.31054159718, 1.29958744217, 0.0715522233645, -0.0203457838944
4.83, 1.31125644013, 1.29938452312, 0.0714162344301, -0.0202382534209
4.84, 1.31196992187, 1.2991826771, 0.0712799838719, -0.0201311776727
4.85, 1.31268203981, 1.29898189956, 0.0711434770039, -0.0200245558956
4.86, 1.31339279141, 1.29878218598, 0.0710067191087, -0.0199183873149
4.87, 1.31410217419, 1.29858353182, 0.0708697154379, -0.0198126711352
4.88, 1.31481018572, 1.29838593256, 0.070732471212, -0.0197074065407
4.89, 1.31551682362, 1.29818938369, 0.0705949916202, -0.0196025926952
4.9, 1.31622208555, 1.2979938807, 0.0704572818206, -0.0194982287417
4.91, 1.31692596925, 1.29779941911, 0.0703193469402, -0.0193943138029
4.92, 1.31762847249, 1.29760599443, 0.0701811920746, -0.0192908469809
4.93, 1.31832959309, 1.29741360217, 0.0700428222887, -0.0191878273571
4.94, 1.31902932894, 1.29722223788, 0.0699042426157, -0.0190852539926
4.95, 1.31972767795, 1.29703189709, 0.069765458058, -0.0189831259279
4.96, 1.3204246381, 1.29684257536, 0.0696264735868, -0.018881442183
4.97, 1.32112020742, 1.29665426825, 0.0694872941421, -0.0187802017572
4.98, 1.32181438398, 1.29646697133, 0.0693479238072, -0.0186794056749
4.99, 1.32250716589, 1.29628068014, 0.0692083648477, -0.0185790593654
5.0, 1.32319855128, 1.29609539014, 0.0690686222612, -0.0184791613928
5.01, 1.32388853834, 1.29591109691, 0.0689287029039, -0.0183797056177
5.02, 1.32457712534, 1.29572779603, 0.0687886116274, -0.0182806907702
5.03, 1.32526431057, 1.29554548309, 0.0686483531112, -0.0181821159091
5.04, 1.3259500924, 1.29536415371, 0.0685079320013, -0.0180839800775
5.05, 1.32663446921, 1.29518380349, 0.0683673529112, -0.0179862823025
5.06, 1.32731743946, 1.29500442806, 0.0682266204209, -0.0178890215956
5.07, 1.32799900162, 1.29482602306, 0.0680857390776, -0.0177921969523
5.08, 1.32867915424, 1.29464858412, 0.0679447133953, -0.0176958073522
5.09, 1.32935789589, 1.29447210691, 0.0678035478553, -0.0175998517592
5.1, 1.3300352252, 1.29429658709, 0.0676622469053, -0.0175043291212
5.11, 1.33071114083, 1.29412202033, 0.0675208149605, -0.0174092383703
5.12, 1.33138564149, 1.29394840232, 0.0673792564026, -0.0173145784228
5.13, 1.33205872595, 1.29377572876, 0.0672375755807, -0.017220348179
5.14, 1.33273039301, 1.29360399536, 0.0670957768104, -0.0171265465237
5.15, 1.33340064149, 1.29343319783, 0.0669538643746, -0.0170331723254
5.16, 1.33406947029, 1.29326333191, 0.0668118425229, -0.0169402244371
5.17, 1.33473687834, 1.29309439334, 0.0666697154721, -0.0168477016957
5.18, 1.3354028646, 1.29292637788, 0.0665274874058, -0.0167556029225
5.19, 1.33606742809, 1.29275928128, 0.0663851624745, -0.0166639269227
5.2, 1.33673056785, 1.29259309934, 0.0662427447959, -0.0165726724858
5.21, 1.33739228299, 1.29242782783, 0.0661002384544, -0.0164818383854
5.22, 1.33805257262, 1.29226346257, 0.0659576475338, -0.0163914259643
5.23, 1.33871143594, 1.29209999931, 0.065814976124, -0.0163014396469
5.24, 1.33936887214, 1.29193743378, 0.0656722281949, -0.0162118769421
5.25, 1.3400248805, 1.29177576178, 0.0655294076443, -0.0161227322047
5.26, 1.3406794603, 1.29161497913, 0.0653865183919, -0.0160340041722
5.27, 1.34133261087, 1.29145508169, 0.0652435643262, -0.015945691694
5.28, 1.34198433158, 1.2912960653, 0.0651005493023, -0.0158577936076
5.29, 1.34263462185, 1.29113792582, 0.0649574771429, -0.0157703087393
5.3, 1.34328348113, 1.29098065912, 0.0648143516371, -0.0156832359037
5.31, 1.34393090889, 1.2908242611, 0.0646711765415, -0.0155965739041
5.32, 1.34457690466, 1.29066872765, 0.0645279555794, -0.015510321532
5.33, 1.345221468, 1.29051405467, 0.0643846924412, -0.0154244775678
5.34, 1.34586459851, 1.2903602381, 0.0642413907844, -0.0153390407801
5.35, 1.34650629581, 1.29020727386, 0.0640980542334, -0.0152540099262
5.36, 1.34714655959, 1.2900551579, 0.0639546863795, -0.0151693837518
5.37, 1.34778538954, 1.28990388618, 0.0638112907813, -0.0150851609911
5.38, 1.34842278541, 1.28975345468, 0.0636678709642, -0.015001340367
5.39, 1.34905874696, 1.28960385937, 0.0635244304207, -0.0149179205907
5.4, 1.34969327401, 1.28945509627, 0.0633809726102, -0.0148349003619
5.41, 1.35032636641, 1.28930716137, 0.0632375009593, -0.0147522783689
5.42, 1.35095802403, 1.2891600507, 0.0630940188613, -0.0146700532886
5.43, 1.35158824679, 1.2890137603, 0.0629505296768, -0.0145882237862
5.44, 1.35221703463, 1.28886828622, 0.0628070367334, -0.0145067885155
5.45, 1.35284438752, 1.28872362453, 0.0626635433254, -0.0144257461189
5.46, 1.35347030549, 1.2885797713, 0.0625200540341, -0.014345098579
5.47, 1.35409478861, 1.28843672256, 0.0623765740705, -0.0142648495507
5.48, 1.35471783698, 1.28829447431, 0.0622331057604, -0.014184995433
5.49, 1.35533945072, 1.28815302265, 0.0620896507533, -0.0141055309787
5.5, 1.35595962999, 1.28801236369, 0.0619462122253, -0.014026454891
5.51, 1.35657837497, 1.28787249355, 0.0618027933277, -0.0139477658827
5.52, 1.35719568586, 1.28773340837, 0.0616593971804, -0.0138694626582
5.53, 1.35781156291, 1.2875951043, 0.0615160268712, -0.0137915439134
5.54, 1.35842600639, 1.28745757749, 0.0613726854564, -0.0137140083364
5.55, 1.35903901662, 1.28732082413, 0.0612293759605, -0.0136368546069
5.56, 1.35965059391, 1.2871848404, 0.0610861013764, -0.0135600813961
5.57, 1.36026073865, 1.2870496225, 0.0609428646651, -0.0134836873674
5.58, 1.36086945121, 1.28691516665, 0.0607996687561, -0.0134076711755
5.59, 1.36147673202, 1.28678146908, 0.060656516547, -0.0133320314671
5.6, 1.36208258154, 1.28664852602, 0.0605134109038, -0.0132567668807
5.61, 1.36268700024, 1.28651633374, 0.0603703546608, -0.0131818760464
5.62, 1.36328998863, 1.2863848885, 0.0602273506204, -0.0131073575861
5.63, 1.36389154725, 1.28625418659, 0.0600844015535, -0.0130332101135
5.64, 1.36449167666, 1.2861242243, 0.0599415101991, -0.012959432234
5.65, 1.36509037745, 1.28599499795, 0.0597986792648, -0.0128860225448
5.66, 1.36568765025, 1.28586650385, 0.0596559114261, -0.0128129796347
5.67, 1.36628349568, 1.28573873835, 0.059513209327, -0.0127403020846
5.68, 1.36687791443, 1.28561169781, 0.0593705755798, -0.0126679884668
5.69, 1.3674709072, 1.28548537858, 0.0592280127649, -0.0125960373454
5.7, 1.36806247469, 1.28535977706, 0.0590855234313, -0.0125244472764
5.71, 1.36865261766, 1.28523488964, 0.058943110096, -0.0124532168075
5.72, 1.36924133689, 1.28511071273, 0.0588007763258, -0.0123823460508
5.73, 1.36982863319, 1.28498724272, 0.058658529617, -0.0123118408699
5.74, 1.37041450748, 1.28486447591, 0.0585163727352, -0.0122417002875
5.75, 1.37099896064, 1.28474240871, 0.058374303994, -0.0121719168906
5.76, 1.37158199356, 1.28462103757, 0.0582323253494, -0.0121024885998
5.77, 1.37216360715, 1.28450035894, 0.0580904392423, -0.0120334140795
5.78, 1.37274380235, 1.28438036929, 0.0579486480846, -0.0119646919895
5.79, 1.37332258011, 1.2842610651, 0.0578069542593, -0.0118963209853
5.8, 1.37389994143, 1.28414244287, 0.0576653601202, -0.011828299718
5.81, 1.37447588732, 1.28402449911, 0.0575238679922, -0.0117606268345
5.82, 1.37505041879, 1.28390723033, 0.057382480171, -0.0116933009772
5.83, 1.37562353692, 1.28379063309, 0.0572411989235, -0.0116263207842
5.84, 1.37619524277, 1.28367470392, 0.0571000264874, -0.0115596848893
5.85, 1.37676553745, 1.28355943939, 0.0569589650714, -0.0114933919219
5.86, 1.37733442207, 1.28344483608, 0.0568180168551, -0.011427440507
5.87, 1.37790189779, 1.28333089058, 0.0566771839892, -0.0113618292653
5.88, 1.37846796575, 1.28321759949, 0.0565364685953, -0.0112965568132
5.89, 1.37903262716, 1.28310495944, 0.056395872766, -0.0112316217626
5.9, 1.37959588321, 1.28299296706, 0.0562553985647, -0.0111670227213
5.91, 1.38015773513, 1.28288161899, 0.056115048026, -0.0111027582924
5.92, 1.38071818417, 1.28277091189, 0.0559748231553, -0.0110388270749
5.93, 1.38127723159, 1.28266084245, 0.0558347259291, -0.0109752276635
5.94, 1.38183487869, 1.28255140734, 0.0556947582947, -0.0109119586484
5.95, 1.38239112676, 1.28244260327, 0.0555549221705, -0.0108490186154
5.96, 1.38294597713, 1.28233442697, 0.0554152194459, -0.0107864061461
5.97, 1.38349943115, 1.28222687515, 0.055275651981, -0.0107241198176
5.98, 1.38405149017, 1.28211994457, 0.0551362218303, -0.0106621583863
5.99, 1.38460215558, 1.28201363198, 0.0549969362941, -0.0106005249407
6.0, 1.3851514289, 1.28190793407, 0.0548578001207, -0.0105392204906
6.01, 1.38569931159, 1.28180284757, 0.0547188107243, -0.0104782400363
6.02, 1.38624580511, 1.28169836927, 0.0545799678592, -0.0104175805211
6.03, 1.38679091094, 1.28159449596, 0.0544412733512, -0.0103572406111
6.04, 1.38733463058, 1.28149122446, 0.0543027290004, -0.0102972189705
6.05, 1.38787696552, 1.28138855158, 0.0541643365811, -0.0102375142621
6.06, 1.38841791731, 1.28128647417, 0.0540260978419, -0.0101781251467
6.07, 1.38895748748, 1.28118498908, 0.0538880145057, -0.010119050284
6.08, 1.3894956776, 1.28108409317, 0.0537500882697, -0.0100602883316
6.09, 1.39003248925, 1.28098378331, 0.0536123208053, -0.0100018379457
6.1, 1.39056792402, 1.28088405641, 0.0534747137581, -0.00994369778082
6.11, 1.39110198352, 1.28078490936, 0.0533372687483, -0.00988586648983
6.12, 1.39163466939, 1.28068633908, 0.05319998737, -0.00982834272401
6.13, 1.39216598327, 1.2805883425, 0.0530628711917, -0.00977112513292
6.14, 1.39269592681, 1.28049091658, 0.0529259217562, -0.00971421236459
6.15, 1.3932245017, 1.28039405826, 0.0527891405806, -0.00965760306535
6.16, 1.39375170963, 1.28029776451, 0.0526525291563, -0.0096012958799
6.17, 1.39427755229, 1.28020203234, 0.0525160889487, -0.00954528945135
6.18, 1.3948020314, 1.28010685873, 0.0523798213978, -0.00948958242114
6.19, 1.39532514871, 1.28001224069, 0.0522437279178, -0.00943417342909
6.2, 1.39584690596, 1.27991817526, 0.052107809897, -0.00937906111338
6.21, 1.39636730491, 1.27982465947, 0.0519720686981, -0.00932424411056
6.22, 1.39688634734, 1.27973169037, 0.0518365056582, -0.00926972105555
6.23, 1.39740403503, 1.27963926505, 0.0517011220884, -0.00921549058163
6.24, 1.39792036978, 1.27954738056, 0.0515659192742, -0.00916155132047
6.25, 1.39843535341, 1.27945603402, 0.0514309019092, -0.00910790394306
6.26, 1.39894898782, 1.27936522248, 0.0512960769962, -0.00905455050648
6.27, 1.39946127495, 1.27927494301, 0.051161443593, -0.00900148835948
6.28, 1.39997221669, 1.27918519272, 0.0510269984287, -0.00894871347994
6.29, 1.40048181492, 1.27909596874, 0.050892742767, -0.00889622455494
6.3, 1.40099007154, 1.27900726823, 0.0507586778929, -0.00884402029775
6.31, 1.40149698848, 1.27891908833, 0.0506248050691, -0.00879209942208
6.32, 1.40200256765, 1.27883142624, 0.0504911255361, -0.00874046064218
6.33, 1.40250681099, 1.27874427912, 0.0503576405125, -0.00868910267278
6.34, 1.40300972046, 1.27865764418, 0.0502243511944, -0.00863802422908
6.35, 1.40351129801, 1.27857151864, 0.0500912587561, -0.0085872240268
6.36, 1.40401154563, 1.2784858997, 0.0499583643496, -0.00853670078219
6.37, 1.4045104653, 1.27840078462, 0.0498256691048, -0.00848645321194
6.38, 1.40500805901, 1.27831617064, 0.0496931741293, -0.00843648003327
6.39, 1.40550432878, 1.27823205502, 0.0495608805087, -0.00838677996388
6.4, 1.40599927662, 1.27814843504, 0.0494287893065, -0.00833735172197
6.41, 1.40649290457, 1.27806530799, 0.0492969015639, -0.00828819402624
6.42, 1.40698521465, 1.27798267116, 0.0491652183001, -0.00823930559589
6.43, 1.40747620893, 1.27790052187, 0.0490337405121, -0.00819068515061
6.44, 1.40796588946, 1.27781885746, 0.0489024691746, -0.0081423314106
6.45, 1.40845425832, 1.27773767525, 0.0487714052404, -0.00809424309653
6.46, 1.40894131757, 1.27765697259, 0.0486405496401, -0.00804641892957
6.47, 1.40942706931, 1.27757674687, 0.048509903282, -0.00799885763144
6.48, 1.40991151564, 1.27749699544, 0.0483794670525, -0.00795155792428
6.49, 1.41039465865, 1.27741771571, 0.0482492418155, -0.00790451853075
6.5, 1.41087650047, 1.27733890507, 0.0481192284132, -0.00785773817407
6.51, 1.41135704322, 1.27726056095, 0.0479894289319, -0.00781121611733
6.52, 1.41183628905, 1.27718268075, 0.0478598508385, -0.00776495392505
6.53, 1.41231424024, 1.27710526187, 0.047730495636, -0.00771895063176
6.54, 1.41279089896, 1.27702830174, 0.0476013586824, -0.00767320266467
6.55, 1.41326626741, 1.27695179781, 0.0474724400626, -0.00762770847419
6.56, 1.41374034776, 1.27687574757, 0.0473437406363, -0.00758246685064
6.57, 1.41421314222, 1.27680014848, 0.0472152612448, -0.00753747658636
6.58, 1.41468465299, 1.27672499804, 0.0470870027105, -0.00749273647566
6.59, 1.41515488228, 1.27665029375, 0.0469589658376, -0.00744824531488
6.6, 1.41562383231, 1.27657603313, 0.0468311514114, -0.00740400190238
6.61, 1.41609150531, 1.27650221371, 0.0467035601985, -0.00736000503848
6.62, 1.41655790351, 1.27642883303, 0.0465761929471, -0.00731625352556
6.63, 1.41702302916, 1.27635588864, 0.0464490503869, -0.00727274616794
6.64, 1.41748688452, 1.2762833781, 0.0463221332287, -0.00722948177199
6.65, 1.41794947183, 1.276211299, 0.0461954421649, -0.00718645914608
6.66, 1.41841079336, 1.27613964892, 0.0460689778691, -0.00714367710056
6.67, 1.41887085139, 1.27606842546, 0.0459427409966, -0.00710113444781
6.68, 1.41932964818, 1.27599762623, 0.0458167321837, -0.00705883000219
6.69, 1.41978718603, 1.27592724886, 0.0456909520485, -0.0070167625801
6.7, 1.42024346722, 1.27585729098, 0.0455654011903, -0.0069749309999
6.71, 1.42069849405, 1.27578775024, 0.0454400801897, -0.00693333408198
6.72, 1.42115226883, 1.2757186243, 0.0453149896087, -0.00689197064875
6.73, 1.42160479385, 1.27564991083, 0.045190129991, -0.00685083952456
6.74, 1.42205607143, 1.27558160751, 0.0450655018614, -0.00680993953585
6.75, 1.42250610388, 1.27551371204, 0.0449411057261, -0.006769269511
6.76, 1.42295489354, 1.27544622212, 0.0448169420729, -0.00672882828042
6.77, 1.42340244272, 1.27537913547, 0.0446930395233, -0.00668862278337
6.78, 1.42384875433, 1.27531244966, 0.0445693420858, -0.00664863560114
6.79, 1.42429382957, 1.27524616276, 0.0444458603277, -0.0066088684888
6.8, 1.42473767154, 1.27518027229, 0.0443226521211, -0.00656933683065
6.81, 1.42518028261, 1.27511477602, 0.0441996806771, -0.00653002875971
6.82, 1.42562166515, 1.27504967172, 0.0440769465476, -0.00649094316908
6.83, 1.42606182154, 1.27498495716, 0.0439544502665, -0.00645207895399
6.84, 1.42650075416, 1.27492063014, 0.0438321923496, -0.00641343501183
6.85, 1.42693846539, 1.27485668846, 0.0437101732946, -0.00637501024218
6.86, 1.42737495762, 1.27479312993, 0.0435883935814, -0.00633680354681
6.87, 1.42781023326, 1.27472995239, 0.0434668536724, -0.00629881382983
6.88, 1.4282442947, 1.27466715366, 0.0433455540123, -0.00626103999761
6.89, 1.42867714434, 1.27460473159, 0.0432244950283, -0.00622348095887
6.9, 1.4291087846, 1.27454268404, 0.0431036771304, -0.00618613562468
6.91, 1.42953921788, 1.27448100888, 0.0429831007112, -0.00614900290855
6.92, 1.42996844661, 1.27441970398, 0.0428627661466, -0.00611208172643
6.93, 1.4303964732, 1.27435876724, 0.0427426737953, -0.00607537099676
6.94, 1.43082330009, 1.27429819656, 0.0426228239992, -0.0060388696405
6.95, 1.43124892968, 1.27423798985, 0.0425032170836, -0.00600257658117
6.96, 1.43167336443, 1.27417814503, 0.0423838533572, -0.00596649074487
6.97, 1.43209660675, 1.27411866003, 0.0422647331123, -0.00593061106032
6.98, 1.43251865909, 1.27405953281, 0.0421458566249, -0.00589493645896
6.99, 1.43293952388, 1.2740007613, 0.0420272241547, -0.00585946587489
7.0, 1.43335920357, 1.27394234349, 0.0419088359455, -0.00582419824495
7.01, 1.4337777006, 1.27388427734, 0.0417906922251, -0.00578913250877
7.02, 1.43419501742, 1.27382656084, 0.0416727932056, -0.00575426760878
7.03, 1.43461115647, 1.27376919199, 0.0415551390832, -0.0057196024903
7.04, 1.4350261202, 1.27371216879, 0.0414377326443, -0.00568513658555
7.05, 1.43543991112, 1.27365548926, 0.0413205789201, -0.00565086974977
7.06, 1.43585253178, 1.2735991514, 0.0412036765028, -0.00561680064753
7.07, 1.43626398465, 1.27354315324, 0.0410870217109, -0.00558292752678
7.08, 1.43667427221, 1.27348749284, 0.0409706147339, -0.00554924936051
7.09, 1.43708339694, 1.27343216826, 0.0408544558135, -0.00551576513729
7.1, 1.43749136133, 1.27337717754, 0.0407385451812, -0.00548247384962
7.11, 1.43789816785, 1.27332251878, 0.0406228830587, -0.00544937449405
7.12, 1.43830381899, 1.27326819005, 0.0405074696582, -0.00541646607121
7.13, 1.43870831724, 1.27321418946, 0.0403923051821, -0.00538374758586
7.14, 1.43911166509, 1.2731605151, 0.0402773898238, -0.00535121804698
7.15, 1.43951386504, 1.2731071651, 0.0401627237676, -0.0053188764677
7.16, 1.43991491957, 1.27305413757, 0.0400483071888, -0.00528672186549
7.17, 1.44031483118, 1.27300143066, 0.039934140254, -0.00525475326215
7.18, 1.44071360237, 1.27294904251, 0.0398202231216, -0.00522296968382
7.19, 1.44111123564, 1.27289697127, 0.0397065559414, -0.00519137016108
7.2, 1.44150773349, 1.2728452151, 0.0395931388552, -0.00515995372903
7.21, 1.44190309842, 1.27279377219, 0.039479971997, -0.00512871942724
7.22, 1.44229733293, 1.27274264071, 0.0393670554932, -0.00509766629989
7.23, 1.44269043953, 1.27269181886, 0.0392543894623, -0.0050667933958
7.24, 1.44308242072, 1.27264130485, 0.039141974016, -0.00503609976843
7.25, 1.44347327901, 1.27259109687, 0.0390298092586, -0.00500558447597
7.26, 1.44386301691, 1.27254119316, 0.0389178952876, -0.00497524658142
7.27, 1.44425163692, 1.27249159194, 0.0388062321937, -0.00494508515259
7.28, 1.44463914155, 1.27244229145, 0.0386948200614, -0.00491509926215
7.29, 1.44502553332, 1.27239328995, 0.0385836589684, -0.00488528798771
7.3, 1.44541081473, 1.27234458569, 0.0384727489868, -0.00485565041186
7.31, 1.4457949883, 1.27229617694, 0.0383620901824, -0.0048261856222
7.32, 1.44617805653, 1.27224806198, 0.0382516826156, -0.00479689271139
7.33, 1.44656002195, 1.27220023909, 0.038141526341, -0.00476777077727
7.34, 1.44694088706, 1.27215270657, 0.0380316214081, -0.00473881892281
7.35, 1.44732065438, 1.27210546271, 0.0379219680729, -0.00471003605508
7.36, 1.44769932642, 1.27205850584, 0.0378125670351, -0.00468142065996
7.37, 1.44807690572, 1.2720118343, 0.0377034182733, -0.00465297190954
7.38, 1.44845339479, 1.27196544641, 0.0375945212851, -0.00462468943412
7.39, 1.44882879614, 1.27191934051, 0.0374858760768, -0.0045965723819
7.4, 1.44920311231, 1.27187351496, 0.0373774826866, -0.0045686198721
7.41, 1.4495763458, 1.27182796811, 0.0372693411496, -0.00454083102884
7.42, 1.44994849913, 1.27178269834, 0.0371614514977, -0.00451320498129
7.43, 1.45031957483, 1.27173770401, 0.03705381376, -0.00448574086369
7.44, 1.45068957541, 1.27169298352, 0.0369464279625, -0.0044584378153
7.45, 1.45105850339, 1.27164853526, 0.0368392941291, -0.00443129498059
7.46, 1.45142636129, 1.27160435762, 0.0367324122812, -0.0044043115092
7.47, 1.45179315163, 1.27156044903, 0.0366257824379, -0.00437748655595
7.48, 1.45215887694, 1.27151680789, 0.0365194046168, -0.00435081928094
7.49, 1.45252353973, 1.27147343264, 0.0364132788333, -0.00432430884958
7.5, 1.45288714251, 1.27143032171, 0.0363074051019, -0.00429795443262
7.51, 1.45324968783, 1.27138747355, 0.0362017834352, -0.00427175520618
7.52, 1.45361117818, 1.27134488661, 0.0360964138452, -0.0042457103518
7.53, 1.4539716161, 1.27130255934, 0.0359912963429, -0.00421981905653
7.54, 1.45433100411, 1.27126049023, 0.0358864309384, -0.00419408051286
7.55, 1.45468934472, 1.27121867773, 0.0357818176416, -0.00416849391891
7.56, 1.45504664046, 1.27117712035, 0.035677456462, -0.00414305847832
7.57, 1.45540289385, 1.27113581657, 0.0355733474093, -0.0041177734004
7.58, 1.45575810741, 1.27109476488, 0.035469490493, -0.00409263790011
7.59, 1.45611228366, 1.27105396381, 0.0353658857233, -0.00406765119814
7.6, 1.45646542513, 1.27101341186, 0.0352625331108, -0.00404281252094
7.61, 1.45681753432, 1.27097310756, 0.0351594326667, -0.00401812110075
7.62, 1.45716861378, 1.27093304944, 0.0350565844037, -0.00399357617563
7.63, 1.45751866601, 1.27089323603, 0.0349539883352, -0.00396917698956
7.64, 1.45786769355, 1.2708536659, 0.0348516444762, -0.00394492279239
7.65, 1.4582156989, 1.27081433758, 0.0347495528433, -0.00392081283999
7.66, 1.4585626846, 1.27077524964, 0.0346477120413, -0.00389684591473
7.67, 1.45890865314, 1.27073640066, 0.0345461144599, -0.00387301869621
7.68, 1.45925360689, 1.27069778927, 0.0344447592611, -0.00384933016655
7.69, 1.45959754833, 1.27065941406, 0.0343436526805, -0.00382578171234
7.7, 1.45994047995, 1.27062127363, 0.0342427955078, -0.00380237287831
7.71, 1.46028240424, 1.2705833666, 0.034142187587, -0.00377910289366
7.72, 1.4606233237, 1.27054569157, 0.0340418287585, -0.0037559709916
7.73, 1.46096324081, 1.27050824718, 0.0339417188596, -0.00373297640943
7.74, 1.46130215807, 1.27047103204, 0.0338418577241, -0.00371011838849
7.75, 1.46164007797, 1.27043404481, 0.0337422451829, -0.0036873961742
7.76, 1.46197700298, 1.27039728412, 0.0336428810638, -0.00366480901609
7.77, 1.46231293559, 1.27036074863, 0.0335437651918, -0.00364235616773
7.78, 1.46264787828, 1.270324437, 0.033444897389, -0.00362003688683
7.79, 1.46298183354, 1.27028834789, 0.0333462774748, -0.00359785043518
7.8, 1.46331480383, 1.27025247999, 0.0332479052661, -0.00357579607869
7.81, 1.46364679164, 1.27021683197, 0.0331497805773, -0.0035538730874
7.82, 1.46397779944, 1.27018140253, 0.0330519032205, -0.00353208073548
7.83, 1.46430782971, 1.27014619036, 0.0329542730055, -0.00351041830122
7.84, 1.4646368849, 1.27011119416, 0.0328568897399, -0.00348888506705
7.85, 1.4649649675, 1.27007641265, 0.0327597532294, -0.00346748031959
7.86, 1.46529207997, 1.27004184456, 0.0326628632776, -0.00344620334958
7.87, 1.46561822477, 1.27000748859, 0.0325662196865, -0.00342505345196
7.88, 1.46594340436, 1.26997334349, 0.0324698222563, -0.0034040299258
7.89, 1.46626762121, 1.26993940799, 0.0323736707854, -0.00338313207442
7.9, 1.46659087778, 1.26990568084, 0.032277765071, -0.00336235920529
7.91, 1.46691317651, 1.26987216081, 0.0321821049088, -0.00334171063008
7.92, 1.46723451988, 1.26983884663, 0.0320866900932, -0.00332118566467
7.93, 1.46755491032, 1.26980573709, 0.0319915204174, -0.00330078362917
7.94, 1.46787435028, 1.26977283096, 0.0318965956736, -0.00328050384791
7.95, 1.46819284223, 1.26974012701, 0.031801915653, -0.00326034564945
7.96, 1.4685103886, 1.26970762405, 0.0317074801461, -0.00324030836656
7.97, 1.46882699183, 1.26967532085, 0.0316132886618, -0.0032203912481
7.98, 1.46914265437, 1.26964321622, 0.0315193380476, -0.00320059271085
7.99, 1.46945737859, 1.26961130899, 0.0314256271671, -0.00318091180966
8.0, 1.46977116691, 1.26957959799, 0.0313321581891, -0.00316134864262
8.01, 1.47008402176, 1.26954808202, 0.0312389315096, -0.00314190275503
8.02, 1.47039594554, 1.26951675993, 0.0311459468422, -0.00312257348203
8.03, 1.47070694069, 1.26948563055, 0.0310532038978, -0.00310336016224
8.04, 1.47101700962, 1.26945469273, 0.0309607023847, -0.00308426213773
8.05, 1.47132615474, 1.26942394531, 0.0308684420085, -0.00306527875408
8.06, 1.47163437846, 1.26939338715, 0.0307764224726, -0.00304640936033
8.07, 1.47194168319, 1.26936301712, 0.0306846434778, -0.00302765330897
8.08, 1.47224807133, 1.26933283409, 0.0305931047227, -0.00300900995597
8.09, 1.47255354528, 1.26930283692, 0.0305018059035, -0.00299047866074
8.1, 1.47285810745, 1.26927302451, 0.0304107467144, -0.00297205878614
8.11, 1.47316176022, 1.26924339575, 0.0303199268472, -0.00295374969851
8.12, 1.47346450599, 1.26921394952, 0.0302293459919, -0.0029355507676
8.13, 1.47376634714, 1.26918468473, 0.0301390038365, -0.00291746136659
8.14, 1.47406728606, 1.26915560029, 0.0300489000668, -0.00289948087213
8.15, 1.47436732514, 1.26912669511, 0.0299590343672, -0.0028816086643
8.16, 1.47466646675, 1.26909796812, 0.02986940642, -0.00286384412653
8.17, 1.47496471327, 1.26906941823, 0.0297800159058, -0.00284618664577
8.18, 1.47526206707, 1.26904104438, 0.0296908625037, -0.00282863561234
8.19, 1.47555853052, 1.26901284552, 0.0296019458912, -0.00281119041997
8.2, 1.47585410599, 1.26898482058, 0.0295132657441, -0.0027938504658
8.21, 1.47614879583, 1.26895696851, 0.0294248217371, -0.00277661515037
8.22, 1.47644260242, 1.26892928827, 0.0293366135432, -0.00275948387761
8.23, 1.4767355281, 1.26890177883, 0.0292486408343, -0.00274245605489
8.24, 1.47702757524, 1.26887443915, 0.0291609032811, -0.00272553109294
8.25, 1.47731874617, 1.26884726821, 0.029073400553, -0.00270870840583
8.26, 1.47760904325, 1.26882026498, 0.0289861323184, -0.00269198741106
8.27, 1.47789846882, 1.26879342846, 0.0288990982446, -0.00267536752954
8.28, 1.47818702521, 1.26876675763, 0.0288122979578, -0.00265884817481
8.29, 1.47847471478, 1.2687402515, 0.0287257300131, -0.00264242848033
8.3, 1.47876153981, 1.26871390906, 0.0286393934503, -0.00262610771153
8.31, 1.47904750264, 1.26868772934, 0.0285532888117, -0.0026098855354
8.32, 1.47933260559, 1.26866171135, 0.0284674161782, -0.00259376150029
8.33, 1.47961685097, 1.26863585411, 0.0283817751817, -0.00257773503908
8.34, 1.47990024109, 1.26861015665, 0.0282963654525, -0.0025618055877
8.35, 1.48018277828, 1.268584618, 0.0282111866193, -0.00254597258513
8.36, 1.48046446483, 1.2685592372, 0.0281262383091, -0.0025302354734
8.37, 1.48074530304, 1.26853401329, 0.0280415201477, -0.00251459369757
8.38, 1.48102529523, 1.26850894533, 0.0279570317594, -0.00249904670572
8.39, 1.48130444368, 1.26848403236, 0.0278727727671, -0.00248359394893
8.4, 1.48158275068, 1.26845927345, 0.0277887427925, -0.00246823488134
8.41, 1.48186021853, 1.26843466766, 0.0277049414558, -0.00245296896002
8.42, 1.48213684951, 1.26841021407, 0.0276213683763, -0.00243779564507
8.43, 1.4824126459, 1.26838591175, 0.0275380231719, -0.00242271439956
8.44, 1.48268760998, 1.26836175978, 0.0274549054597, -0.00240772468953
8.45, 1.48296174401, 1.26833775725, 0.0273720148555, -0.00239282598401
8.46, 1.48323505027, 1.26831390326, 0.0272893509741, -0.00237801775492
8.47, 1.48350753103, 1.2682901969, 0.0272069134295, -0.00236329947718
8.48, 1.48377918854, 1.26826663727, 0.0271247018348, -0.00234867062863
8.49, 1.48405002507, 1.26824322349, 0.0270427158021, -0.00233413069002
8.5, 1.48432004286, 1.26821995466, 0.026960954943, -0.00231967914506
8.51, 1.48458924417, 1.2681968299, 0.026879418868, -0.00230531548032
8.52, 1.48485763124, 1.26817384835, 0.0267981071874, -0.00229103918531
8.53, 1.48512520631, 1.26815100912, 0.0267170195103, -0.0022768497524
8.54, 1.48539197163, 1.26812831135, 0.0266361554458, -0.00226274667688
8.55, 1.48565792942, 1.26810575419, 0.026555514602, -0.0022487294569
8.56, 1.48592308192, 1.26808333676, 0.0264750965869, -0.00223479759344
8.57, 1.48618743135, 1.26806105823, 0.0263949010077, -0.00222095059036
8.58, 1.48645097994, 1.26803891775, 0.0263149274717, -0.00220718795442
8.59, 1.4867137299, 1.26801691448, 0.0262351755827, -0.00219350919451
8.6, 1.48697568345, 1.26799504757, 0.026155644238, -0.00217991366144
8.61, 1.48723684278, 1.2679733162, 0.0260763323789, -0.00216640071898
8.62, 1.4874972101, 1.26795171955, 0.0259972401429, -0.00215297000616
8.63, 1.48775678759, 1.2679302568, 0.0259183676137, -0.00213962115262
8.64, 1.48801557745, 1.26790892713, 0.0258397143735, -0.00212635367657
8.65, 1.48827358188, 1.26788772973, 0.0257612800037, -0.00211316709884
8.66, 1.48853080305, 1.26786666379, 0.0256830640851, -0.00210006094281
8.67, 1.48878724316, 1.26784572851, 0.0256050661973, -0.00208703473444
8.68, 1.48904290437, 1.26782492309, 0.0255272859195, -0.00207408800226
8.69, 1.48929778888, 1.26780424675, 0.0254497228303, -0.00206122027735
8.7, 1.48955189883, 1.26778369869, 0.0253723765073, -0.00204843109332
8.71, 1.48980523641, 1.26776327813, 0.025295246528, -0.00203571998629
8.72, 1.49005780376, 1.26774298429, 0.0252183324688, -0.00202308649494
8.73, 1.49030960305, 1.2677228164, 0.0251416339061, -0.00201053016041
8.74, 1.49056063644, 1.26770277369, 0.0250651504154, -0.00199805052635
8.75, 1.49081090606, 1.26768285539, 0.0249888815721, -0.0019856471389
8.76, 1.49106041407, 1.26766306074, 0.024912826951, -0.00197331954666
8.77, 1.4913091626, 1.267643389, 0.0248369861265, -0.00196106730063
8.78, 1.49155715379, 1.2676238394, 0.0247613586729, -0.00194888995434
8.79, 1.49180438978, 1.2676044112, 0.0246859441641, -0.00193678706374
8.8, 1.49205087268, 1.26758510366, 0.0246107421736, -0.00192475818713
8.81, 1.49229660462, 1.26756591603, 0.0245357522751, -0.00191280288528
8.82, 1.49254158772, 1.2675468476, 0.0244609740416, -0.00190092072138
8.83, 1.4927858241, 1.26752789762, 0.0243864070466, -0.00188911126092
8.84, 1.49302931586, 1.26750906537, 0.0243120508629, -0.00187737407183
8.85, 1.49327206512, 1.26749035014, 0.0242379050638, -0.00186570872439
8.86, 1.49351407396, 1.2674717512, 0.0241639692222, -0.00185411479122
8.87, 1.4937553445, 1.26745326784, 0.0240902429112, -0.0018425918473
8.88, 1.49399587882, 1.26743489936, 0.0240167257041, -0.0018311394699
8.89, 1.49423567902, 1.26741664505, 0.023943417174, -0.00181975723863
8.9, 1.49447474717, 1.26739850422, 0.0238703168945, -0.00180844473541
8.91, 1.49471308535, 1.26738047616, 0.0237974240628, -0.0017972015709
8.92, 1.49495069565, 1.26736256018, 0.0237247376464, -0.00178602737426
8.93, 1.49518758011, 1.26734475561, 0.0236522574635, -0.00177492171706
8.94, 1.4954237408, 1.26732706175, 0.023579983558, -0.00176388415728
8.95, 1.49565917978, 1.26730947793, 0.0235079154912, -0.00175291428914
8.96, 1.49589389911, 1.26729200346, 0.0234360528203, -0.00174201170937
8.97, 1.49612790083, 1.26727463769, 0.0233643951027, -0.00173117601697
8.98, 1.49636118701, 1.26725737994, 0.0232929418953, -0.00172040681322
8.99, 1.49659375967, 1.26724022956, 0.0232216927551, -0.0017097037016
9.0, 1.49682562086, 1.26722318587, 0.0231506472389, -0.00169906628784
9.01, 1.49705677262, 1.26720624823, 0.0230798049036, -0.00168849417991
9.02, 1.49728721696, 1.26718941599, 0.0230091653058, -0.00167798698796
9.03, 1.49751695592, 1.26717268849, 0.0229387280024, -0.00166754432434
9.04, 1.49774599152, 1.2671560651, 0.02286849255, -0.0016571658036
9.05, 1.49797432577, 1.26713954518, 0.0227984585055, -0.0016468510425
9.06, 1.49820196069, 1.26712312808, 0.0227286254259, -0.00163659965989
9.07, 1.49842889828, 1.26710681318, 0.0226589928681, -0.00162641127682
9.08, 1.49865514055, 1.26709059985, 0.0225895603894, -0.0016162855165
9.09, 1.49888068949, 1.26707448747, 0.0225203275472, -0.00160622200424
9.1, 1.4991055471, 1.26705847541, 0.0224512938991, -0.00159622036744
9.11, 1.49932971537, 1.26704256306, 0.0223824590027, -0.00158628023571
9.12, 1.49955319628, 1.26702674981, 0.0223138224164, -0.00157640124067
9.13, 1.49977599182, 1.26701103504, 0.0222453836984, -0.00156658301605
9.14, 1.49999810395, 1.26699541815, 0.0221771424075, -0.00155682519769
9.15, 1.50021953466, 1.26697989854, 0.0221090981028, -0.00154712742344
9.16, 1.50044028592, 1.2669644756, 0.0220412503438, -0.00153748933326
9.17, 1.50066035967, 1.26694914875, 0.0219735986903, -0.0015279105691
9.18, 1.50087975789, 1.26693391739, 0.0219061427028, -0.001518390775
9.19, 1.50109848253, 1.26691878093, 0.021838881942, -0.00150892959698
9.2, 1.50131653553, 1.2669037388, 0.0217718159694, -0.00149952668307
9.21, 1.50153391884, 1.2668887904, 0.0217049443468, -0.00149018168333
9.22, 1.50175063442, 1.26687393516, 0.021638266309, -0.00148089424703
9.23, 1.50196668417, 1.26685917251, 0.021571780554, -0.00147166402088
9.24, 1.50218207003, 1.26684450188, 0.021505486813, -0.00146249066227
9.25, 1.50239679391, 1.2668299227, 0.021439385384, -0.00145337383533
9.26, 1.50261085773, 1.26681543441, 0.0213734758545, -0.00144431320008
9.27, 1.50282426342, 1.26680103644, 0.0213077577771, -0.00143530841823
9.28, 1.50303701289, 1.26678672824, 0.0212422307046, -0.00142635915341
9.29, 1.50324910804, 1.26677250925, 0.0211768941903, -0.00141746507113
9.3, 1.50346055077, 1.26675837894, 0.0211117477881, -0.00140862583879
9.31, 1.50367134299, 1.26674433674, 0.0210467910521, -0.00139984112573
9.32, 1.50388148659, 1.26673038211, 0.020982023537, -0.00139111060309
9.33, 1.50409098347, 1.26671651453, 0.0209174447983, -0.00138243394394
9.34, 1.50429983549, 1.26670273344, 0.0208530543915, -0.00137381082316
9.35, 1.50450804455, 1.26668903831, 0.0207888518732, -0.00136524091747
9.36, 1.50471561253, 1.26667542862, 0.0207248368002, -0.00135672390547
9.37, 1.50492254129, 1.26666190383, 0.0206610087304, -0.00134825946752
9.38, 1.5051288327, 1.26664846343, 0.0205973672218, -0.00133984728582
9.39, 1.50533448863, 1.26663510689, 0.0205339118336, -0.00133148704436
9.4, 1.50553951094, 1.26662183369, 0.0204706421252, -0.0013231784289
9.41, 1.50574390148, 1.26660864332, 0.0204075576573, -0.001314921127
9.42, 1.50594766209, 1.26659553526, 0.0203446579908, -0.001306714828
9.43, 1.50615079464, 1.26658250902, 0.0202819426878, -0.00129855922292
9.44, 1.50635330095, 1.26656956408, 0.020219411311, -0.00129045400458
9.45, 1.50655518286, 1.26655669994, 0.020157063424, -0.00128239886753
9.46, 1.50675644221, 1.2665439161, 0.0200948985912, -0.00127439350803
9.47, 1.50695708083, 1.26653121207, 0.0200329163781, -0.00126643762403
9.48, 1.50715710054, 1.26651858735, 0.0199711163509, -0.00125853091519
9.49, 1.50735650316, 1.26650604145, 0.0199094980767, -0.00125067308288
9.5, 1.5075552905, 1.26649357389, 0.0198480611238, -0.00124286383008
9.51, 1.50775346438, 1.26648118417, 0.0197868050614, -0.00123510286152
9.52, 1.50795102661, 1.26646887183, 0.0197257294595, -0.00122738988352
9.53, 1.50814797897, 1.26645663638, 0.0196648338895, -0.00121972460406
9.54, 1.50834432328, 1.26644447734, 0.0196041179237, -0.00121210673275
9.55, 1.50854006133, 1.26643239424, 0.0195435811354, -0.00120453598081
9.56, 1.50873519491, 1.26642038662, 0.0194832230992, -0.00119701206112
9.57, 1.50892972579, 1.266408454, 0.0194230433907, -0.00118953468806
9.58, 1.50912365577, 1.26639659593, 0.0193630415869, -0.00118210357769
9.59, 1.50931698662, 1.26638481193, 0.0193032172657, -0.00117471844758
9.6, 1.50950972012, 1.26637310156, 0.0192435700065, -0.00116737901691
9.61, 1.50970185802, 1.26636146435, 0.0191840993898, -0.00116008500639
9.62, 1.50989340211, 1.26634989986, 0.0191248048993, -0.00115283614377
9.63, 1.51008435412, 1.26633840763, 0.0190656842743, -0.00114563225629
9.64, 1.51027471579, 1.26632698721, 0.0190067362936, -0.00113847311449
9.65, 1.51046448885, 1.26631563816, 0.0189479621043, -0.00113135835754
9.66, 1.51065367503, 1.26630436004, 0.0188893619012, -0.00112428767968
9.67, 1.51084227609, 1.26629315241, 0.018830935244, -0.00111726081232
9.68, 1.51103029374, 1.26628201483, 0.0187726816929, -0.0011102774884
9.69, 1.51121772972, 1.26627094686, 0.0187146008092, -0.00110333744237
9.7, 1.51140458576, 1.26625994808, 0.0186566921544, -0.00109644041016
9.71, 1.51159086356, 1.26624901805, 0.0185989552909, -0.00108958612923
9.72, 1.51177656486, 1.26623815636, 0.018541389782, -0.00108277433846
9.73, 1.51196169136, 1.26622736257, 0.0184839951915, -0.00107600477823
9.74, 1.51214624476, 1.26621663626, 0.0184267710839, -0.00106927719038
9.75, 1.51233022678, 1.26620597702, 0.0183697170247, -0.00106259131816
9.76, 1.51251363911, 1.26619538443, 0.01831283258, -0.0010559469063
9.77, 1.51269648343, 1.26618485808, 0.0182561173167, -0.00104934370095
9.78, 1.51287876145, 1.26617439756, 0.0181995708027, -0.00104278144963
9.79, 1.51306047485, 1.26616400246, 0.0181431926066, -0.00103625990129
9.8, 1.5132416253, 1.26615367236, 0.0180869822977, -0.00102977880627
9.81, 1.51342221449, 1.26614340688, 0.0180309394465, -0.00102333791633
9.82, 1.51360224409, 1.2661332056, 0.0179750636242, -0.00101693698453
9.83, 1.51378171577, 1.26612306814, 0.0179193544028, -0.00101057576534
9.84, 1.51396063118, 1.26611299409, 0.0178638113553, -0.00100425401456
9.85, 1.51413899199, 1.26610298306, 0.0178084340558, -0.000997971489325
9.86, 1.51431679986, 1.26609303466, 0.0177532220791, -0.00099172794813
9.87, 1.51449405644, 1.2660831485, 0.0176981750011, -0.000985523150754
9.88, 1.51467076336, 1.2660733242, 0.0176432923987, -0.000979356858311
9.89, 1.51484692228, 1.26606356136, 0.0175885738497, -0.00097322883319
9.9, 1.51502253484, 1.26605385962, 0.017534018933, -0.000967138839059
9.91, 1.51519760266, 1.26604421859, 0.0174796272284, -0.000961086640905
9.92, 1.51537212738, 1.26603463789, 0.017425398317, -0.000955072004949
9.93, 1.51554611063, 1.26602511715, 0.0173713317808, -0.000949094698655
9.94, 1.51571955402, 1.26601565599, 0.0173174272028, -0.000943154490751
9.95, 1.51589245917, 1.26600625406, 0.0172636841673, -0.000937251151212
9.96, 1.5160648277, 1.26599691097, 0.0172101022596, -0.000931384451208
9.97, 1.51623666122, 1.26598762637, 0.0171566810661, -0.000925554163145
9.98, 1.51640796132, 1.26597839989, 0.0171034201745, -0.000919760060591
9.99, 1.51657872962, 1.26596923117, 0.0170768297526, -0.000916872027457
