T, A, B, D_A, D_B
0.0, 0.999631448418, 1.56998719374, 0.0375260320283, -0.0748688325623
0.01, 1.00000670874, 1.56923850542, 0.0317410053722, -0.0890507066329
0.02, 1.00026626853, 1.56820617961, -0.0258692716094, -0.0856811183663
0.03, 0.999489323306, 1.56752488305, -0.0156099968694, -0.072126563671
0.04, 0.999954068588, 1.56676364834, 0.0116990400851, -0.0917198393178
0.05, 0.999723304108, 1.56569048626, 0.00293275504409, -0.0872142723704
0.06, 1.00001272369, 1.56501936289, 0.0160543381437, -0.0796401364488
0.07, 1.00004439087, 1.56409768353, 0.00659756742212, -0.0853830022267
0.08, 1.00014467504, 1.56331170284, -0.00236873938986, -0.0825147589669
0.09, 0.999997016083, 1.56244738835, -0.00967846641795, -0.0835204180067
0.1, 0.999951105709, 1.56164129448, 0.0192669427482, -0.0823161177689
0.11, 1.00038235494, 1.560801066, 0.018239446523, -0.082480845773
0.12, 1.00031589464, 1.55999167757, 0.00728097262992, -0.0862304643513
0.13, 1.00052797439, 1.55907645671, 0.0125585262127, -0.0857204811276
0.14, 1.00056706516, 1.55827726795, -0.0165978640383, -0.078712226488
0.15, 1.00019601711, 1.55750221218, 0.0228336939028, -0.0846343872056
0.16, 1.00102373904, 1.5565845802, 0.00475419506905, -0.0877490225972
0.17, 1.00029110101, 1.55574723173, 0.000788256845452, -0.0823689908455
0.18, 1.00103950418, 1.55493720038, 0.0177232885563, -0.0883150890929
0.19, 1.00064556678, 1.55398092995, 0.012224920535, -0.0873838765307
0.2, 1.00128400259, 1.55318952285, 0.0279208120999, -0.0833448675851
0.21, 1.00120398302, 1.5523140326, -0.0119021905075, -0.0860342860168
0.22, 1.00104595878, 1.55146883713, 0.0160980897011, -0.0877335363589
0.23, 1.00152594482, 1.55055936187, 0.0115915830744, -0.0869862293894
0.24, 1.00127779044, 1.54972911255, -0.0546306318202, -0.0737238413016
0.25, 1.00043333218, 1.54908488504, 0.0237872400675, -0.0738763313282
0.26, 1.00175353524, 1.54825158592, 0.0702863605414, -0.0900419583446
0.27, 1.00183905939, 1.54728404588, -0.0313636023343, -0.0856377682103
0.28, 1.0011262632, 1.54653883056, 0.0125143872394, -0.0759961813178
0.29, 1.00208934714, 1.54576412225, 0.0511160044147, -0.0815649165117
0.3, 1.00214858328, 1.54490753223, 0.0121856806181, -0.0813113975492
0.31, 1.00233306075, 1.5441378943, 0.0112407704197, -0.0912320630478
0.32, 1.00237339869, 1.54308289096, 0.0242584921125, -0.089398019109
0.33, 1.00281823059, 1.54234993392, 0.0105951826261, -0.0878172782653
0.34, 1.00258530234, 1.5413265454, 0.021419773506, -0.0928050060431
0.35, 1.00324662606, 1.5404938338, 0.013370553607, -0.067225289363
0.36, 1.00285271342, 1.53998203961, -0.0114578408434, -0.0752004124228
0.37, 1.00301746925, 1.53898982555, 0.0328786794949, -0.0936216591082
0.38, 1.00351028701, 1.53810960643, 0.0267371293002, -0.0851853851372
0.39, 1.00355221183, 1.53728611785, 0.0261827822398, -0.0870927540713
0.4, 1.00403394265, 1.53636775135, 0.0321726361067, -0.0815386596932
0.41, 1.00419566455, 1.53565534465, 0.0162062584535, -0.0784179875719
0.42, 1.00435806782, 1.5347993916, 0.0285401197623, -0.0820996881864
0.43, 1.00476646695, 1.53401335089, 0.00451244323121, -0.0826374370194
0.44, 1.00444831668, 1.53314664286, -0.0127169537791, -0.0921367074412
0.45, 1.00451212787, 1.53217061674, 0.0424647443062, -0.0813092739578
0.46, 1.00529761157, 1.53152045738, 0.0245501357504, -0.0781875970247
0.47, 1.00500313059, 1.5306068648, -0.00219344765154, -0.0873429498746
0.48, 1.00525374262, 1.52977359838, 0.0289238715333, -0.0777775849752
0.49, 1.00558160802, 1.5290513131, 0.0175683875494, -0.0826037089717
0.5, 1.00560511037, 1.5281215242, 0.0119033457409, -0.0834726319201
0.51, 1.00581967493, 1.52738186046, 0.0397187387992, -0.0889017592587
0.52, 1.00639948515, 1.52634348901, 0.0256819019082, -0.0880067063547
0.53, 1.00633331297, 1.52562172633, -0.006627023008, -0.0701135454254
0.54, 1.00626694468, 1.52494121811, 0.0495807911536, -0.0853118613645
0.55, 1.00732492879, 1.52391548911, 0.0493442500977, -0.0827245782794
0.56, 1.00725382969, 1.52328672654, 0.00995971858465, -0.0769559812845
0.57, 1.00752412317, 1.52237636948, 0.0638666481931, -0.088246179771
0.58, 1.00853116265, 1.52152180295, 0.00248648341398, -0.0775851726098
0.59, 1.00757385283, 1.52082466603, 0.0104547046989, -0.0738967594262
0.6, 1.00874025674, 1.52004386776, 0.0583009634165, -0.0884239887873
0.61, 1.0087398721, 1.51905618625, 0.00352848556456, -0.0922023122086
0.62, 1.00881082646, 1.51819982151, 0.0345174201143, -0.0827226121702
0.63, 1.00943022051, 1.51740173401, 0.0280647677866, -0.0819781532557
0.64, 1.00937212181, 1.51656025845, -0.00179211077511, -0.0798360729109
0.65, 1.00939437829, 1.51580501255, 0.0372815512265, -0.0853072310462
0.66, 1.01011775284, 1.51485411383, 0.0438711321799, -0.0902276973159
0.67, 1.01027180093, 1.5140004586, -0.0109130021006, -0.0725449824667
0.68, 1.00989949279, 1.51340321418, 0.0597520798998, -0.0713613462917
0.69, 1.01146684253, 1.51257323168, 0.0660103438561, -0.0857800220084
0.7, 1.01121969967, 1.51168761374, 0.0349778898102, -0.0884301788463
0.71, 1.01216640033, 1.5108046281, 0.0342953788194, -0.0740121253267
0.72, 1.01190560725, 1.51020737123, -0.0139871617964, -0.0781537672452
0.73, 1.01188665709, 1.50924155276, 0.0531041628627, -0.0888827356597
0.74, 1.0129676905, 1.50842971652, 0.0736242875665, -0.0825964367864
0.75, 1.01335914284, 1.50758962402, 0.0218933564829, -0.0759868674956
0.76, 1.01340555763, 1.50690997917, 0.0169248151089, -0.0803771189372
0.77, 1.01369763915, 1.50598208164, 0.0238558212099, -0.0883729878791
0.78, 1.01388267406, 1.50514251941, 0.0425193734813, -0.0709147024194
0.79, 1.01454802661, 1.50456378759, 0.0409467738456, -0.0711838589515
0.8, 1.01470160954, 1.50371884223, 0.0149541519811, -0.0864974902776
0.81, 1.01484710965, 1.50283383779, 0.0286530679227, -0.0878066947019
0.82, 1.01527467089, 1.50196270834, 0.0426338036556, -0.0728245242153
0.83, 1.01569978573, 1.5013773473, 0.0283286664499, -0.0801751550162
0.84, 1.01584124422, 1.50035920524, 0.0246205378666, -0.0925760543207
0.85, 1.01619219648, 1.49952582622, 0.0415680609028, -0.0796334454908
0.86, 1.01667260544, 1.49876653633, 0.0522331681543, -0.0806862295026
0.87, 1.01723685985, 1.49791210163, 0.0226433197128, -0.0778648596106
0.88, 1.01712547184, 1.49720923913, 0.0638432198878, -0.0771374270315
0.89, 1.01851372425, 1.49636935309, 0.0459476246772, -0.0871897125074
0.9, 1.01804442433, 1.49546544488, 0.00046159495809, -0.0813606289037
0.91, 1.01852295614, 1.49474214051, 0.0901315218488, -0.0776815917582
0.92, 1.01984705477, 1.49391181305, 0.0428785103049, -0.0852152786672
0.93, 1.01938052635, 1.49303783494, -0.00400422860296, -0.0797037396244
0.94, 1.01976697019, 1.49231773826, 0.0501917590379, -0.0718822656324
0.95, 1.02038436153, 1.49160018962, 0.0394923027957, -0.0747348364266
0.96, 1.02055681625, 1.49082304153, 0.031897413321, -0.0746708580368
0.97, 1.0210223098, 1.49010677246, 0.0496505378126, -0.0758371484099
0.98, 1.02154982701, 1.48930629856, 0.00977922902143, -0.0856580926172
0.99, 1.02121789438, 1.48839361061, 0.0495354854654, -0.0821333037697
1.0, 1.02254053672, 1.48766363248, 0.0709683985178, -0.0745245266763
1.01, 1.02263726235, 1.48690312008, 0.0458305299954, -0.0894503037646
1.02, 1.02345714732, 1.48587462641, 0.0640324909028, -0.079668789135
1.03, 1.02391791217, 1.48530974429, 0.0243901157383, -0.0679216513961
1.04, 1.02394494963, 1.48451619338, 0.0725285710486, -0.0758890429368
1.05, 1.02536848359, 1.48379196343, 0.0514092022935, -0.0760876607285
1.06, 1.02497313368, 1.48299444017, 0.0124062465372, -0.0840559865671
1.07, 1.02561660852, 1.4821108437, 0.0462922306019, -0.0814070479915
1.08, 1.02589897829, 1.48136629921, 0.0716090834007, -0.0724343767121
1.09, 1.02704879019, 1.48066215617, 0.0693596114251, -0.0781402013241
1.1, 1.02728617052, 1.47980349518, -0.0181613186504, -0.0826070152844
1.11, 1.02668556381, 1.47901001586, 0.0622130077931, -0.0824135672549
1.12, 1.02853043067, 1.47815522384, 0.0771493843942, -0.0704983867444
1.13, 1.0282285515, 1.47760004813, 0.00176264678039, -0.0746187040413
1.14, 1.02856568361, 1.47666284975, 0.0752123291868, -0.0829068689212
1.15, 1.02973279809, 1.47594191075, 0.0718293902828, -0.074811339115
1.16, 1.03000227141, 1.47516662297, 0.0642012160902, -0.0836955486436
1.17, 1.03101682241, 1.47426799978, 0.0557285087403, -0.0787191659108
1.18, 1.03111684159, 1.47359223965, 0.005792229681, -0.0718958848942
1.19, 1.031132667, 1.47283008208, 0.0477510757634, -0.0823627827779
1.2, 1.0320718631, 1.471944984, 0.0950225396406, -0.0793836587878
1.21, 1.03303311779, 1.4712424089, 0.0442063490403, -0.0699470697736
1.22, 1.03295599008, 1.4705460426, 0.0293635017161, -0.0782359231484
1.23, 1.03362038783, 1.46967769044, 0.0811544922404, -0.0682548713558
1.24, 1.03457907993, 1.46918094518, 0.0318870396736, -0.0748450441615
1.25, 1.03425812862, 1.46818078956, 0.0178578398549, -0.0875377174499
1.26, 1.03493623673, 1.46743019083, 0.0551314486352, -0.069004812641
1.27, 1.03536075759, 1.4668006933, 0.0648732066065, -0.0755949962837
1.28, 1.03623370086, 1.4659182909, 0.0816309114548, -0.0764302099985
1.29, 1.03699337582, 1.4652720891, 0.0493839002906, -0.0687717124042
1.3, 1.03722137886, 1.46454285665, 0.0595079311982, -0.0797597624849
1.31, 1.03818353445, 1.46367689385, 0.0381096042915, -0.0809807561001
1.32, 1.03798357095, 1.46292324153, 0.0413921236025, -0.0669284799694
1.33, 1.03901137692, 1.46233832426, 0.0720166915532, -0.0738668645479
1.34, 1.03942390478, 1.46144590424, 0.0265754004139, -0.0751785470411
1.35, 1.03954288493, 1.46083475331, 0.04889879907, -0.0752023559663
1.36, 1.04040188076, 1.45994185712, 0.0543391089225, -0.0770390953416
1.37, 1.04062966711, 1.45929397141, 0.0857435150317, -0.0767848872896
1.38, 1.04211675106, 1.45840615938, 0.0737791062891, -0.0727694131912
1.39, 1.04210524923, 1.45783858314, 0.0223811817818, -0.0706099546739
1.4, 1.0425643747, 1.45699396028, 0.0681780558858, -0.0791600138558
1.41, 1.04346881035, 1.45625538287, 0.0513041472383, -0.072366592619
1.42, 1.04359045764, 1.45554662843, 0.0864343742308, -0.0704218773886
1.43, 1.04519749783, 1.45484694532, 0.0850321468492, -0.0726934909335
1.44, 1.04529110058, 1.45409275861, 0.0496487134927, -0.0667094087296
1.45, 1.0461904721, 1.45351275714, 0.0884111275852, -0.0793195653745
1.46, 1.04705932313, 1.4525063673, 0.0225087178092, -0.0840420582449
1.47, 1.04664064646, 1.45183191598, 0.033949821579, -0.0714118010957
1.48, 1.04773831956, 1.45107813128, 0.0677422745244, -0.0726131304187
1.49, 1.04799549195, 1.45037965337, 0.0568464757925, -0.0700497046393
1.5, 1.04887524908, 1.44967713719, 0.0624037347397, -0.074368754374
1.51, 1.04924356665, 1.44889227828, 0.0794003116954, -0.0688417874875
1.52, 1.05046325531, 1.44830030144, 0.0598267399929, -0.063971002929
1.53, 1.05044010145, 1.44761285823, 0.0280735177302, -0.0743570044971
1.54, 1.05102472567, 1.44681316135, 0.0836269252266, -0.0782200043062
1.55, 1.05211263995, 1.44604845814, 0.0586981657212, -0.0748629164116
1.56, 1.05219868898, 1.44531590302, 0.0420093353613, -0.0769443558421
1.57, 1.05295282666, 1.44450957102, 0.0857571768881, -0.0741978258579
1.58, 1.05391383252, 1.4438319465, 0.0618565651893, -0.0661554510037
1.59, 1.05418995796, 1.443186462, 0.0555794100442, -0.0696526560775
1.6, 1.05502542072, 1.44243889338, 0.0498611598281, -0.067570254754
1.61, 1.05518718116, 1.44183505691, 0.052723475771, -0.0642821874491
1.62, 1.05607989024, 1.44115324963, 0.0956304158494, -0.075810331674
1.63, 1.05709978947, 1.44031885027, 0.0797123417477, -0.0726793019688
1.64, 1.05767413707, 1.43969966359, 0.041777967902, -0.0681226116444
1.65, 1.05793534883, 1.43895639804, 0.0450233434721, -0.0737855322147
1.66, 1.05857460394, 1.43822395295, 0.0788803175169, -0.0710017699131
1.67, 1.05951295518, 1.43753636264, 0.0639804772297, -0.0706083075885
1.68, 1.05985421349, 1.4368117868, 0.0560015078491, -0.0656868519518
1.69, 1.06063298534, 1.4362226256, 0.0774188547514, -0.0695028728217
1.7, 1.06140259058, 1.43542172934, 0.0802256091381, -0.0829359841809
1.71, 1.06223749752, 1.43456390592, 0.0852953792524, -0.0673591821375
1.72, 1.06310849817, 1.4340745457, 0.0901811077613, -0.0625317452344
1.73, 1.06404111968, 1.43331327102, 0.0346844395652, -0.0684814643819
1.74, 1.06380218696, 1.43270491641, 0.0658030022183, -0.0729560336367
1.75, 1.06535717972, 1.43185415034, 0.0608584918649, -0.0711393038449
1.76, 1.06501935679, 1.43128213033, 0.0566042744994, -0.0686939639437
1.77, 1.06648926521, 1.43048027106, 0.0827050641501, -0.071136555226
1.78, 1.06667345808, 1.42985939923, 0.0359437325907, -0.0591012012105
1.79, 1.06720813986, 1.42929824704, 0.0755638103179, -0.070434639197
1.8, 1.06818473428, 1.42845070645, 0.117781797682, -0.0692424738077
1.81, 1.06956377582, 1.42791339756, 0.0493000172027, -0.0643290862612
1.82, 1.06917073463, 1.42716412472, 0.0442781790439, -0.0736338916382
1.83, 1.0704493394, 1.42644071973, 0.0953965560481, -0.0782437445815
1.84, 1.07107866575, 1.42559924983, 0.0629844082804, -0.070133630106
1.85, 1.07170902756, 1.42503804713, 0.0740457450558, -0.0614246600879
1.86, 1.07255958065, 1.42437075663, 0.0799999453545, -0.0578402192465
1.87, 1.07330902647, 1.42388124274, 0.0760756243998, -0.0636814043101
1.88, 1.07408109314, 1.42309712854, 0.0732027529343, -0.0714872944202
1.89, 1.07477308153, 1.42245149686, 0.071148215643, -0.0684386297005
1.9, 1.07550405745, 1.42172835595, 0.0714001878113, -0.0662882631186
1.91, 1.07620108529, 1.42112573159, 0.0271638012048, -0.0622270791094
1.92, 1.07604733347, 1.42048381436, 0.0355866943993, -0.0747993105162
1.93, 1.07691281917, 1.41962974538, 0.132169718715, -0.0652937957035
1.94, 1.07869072785, 1.41917793845, 0.103715451357, -0.0640815265486
1.95, 1.0789871282, 1.41834811485, 0.0466301709646, -0.0726608437862
1.96, 1.07962333127, 1.41772472157, 0.0766992254985, -0.0607617696494
1.97, 1.08052111271, 1.41713287946, 0.0983683219787, -0.0612649104647
1.98, 1.08159069771, 1.41649942337, 0.0748113073399, -0.0646846221527
1.99, 1.08201733886, 1.41583918702, 0.057227002223, -0.064619038447
2.0, 1.08273523775, 1.4152070426, 0.0771193339513, -0.066258089098
2.01, 1.08355972554, 1.41451402523, 0.0744043342474, -0.0711889036252
2.02, 1.08422332444, 1.41378326452, 0.0568832455218, -0.0658581905637
2.03, 1.08469739045, 1.41319686142, 0.0546222776895, -0.0575292186977
2.04, 1.08531576999, 1.41263268015, 0.069816089958, -0.0679504991339
2.05, 1.08609371225, 1.41183785144, 0.0615778387106, -0.0636850917075
2.06, 1.08654732677, 1.41135897832, 0.0801049459301, -0.0585083885663
2.07, 1.08769581116, 1.41066768367, 0.127101486078, -0.0678390225232
2.08, 1.08908935649, 1.41000219787, 0.0876446391871, -0.0637781743879
2.09, 1.08944870395, 1.40939212018, 0.0570465287289, -0.0688886820757
2.1, 1.09023028706, 1.40862442422, 0.039699407147, -0.0649313076723
2.11, 1.09024269209, 1.40809349403, 0.0737322355528, -0.0507736020919
2.12, 1.09170493177, 1.40760895218, 0.107474073272, -0.0588468321583
2.13, 1.09239217356, 1.40691655738, 0.100637143978, -0.0691048831497
2.14, 1.09371767465, 1.40622685452, 0.0540019491703, -0.0683981166022
2.15, 1.09347221254, 1.40554859505, 0.0216825177724, -0.0615125474953
2.16, 1.09415132501, 1.40499660357, 0.120829447342, -0.0590590300702
2.17, 1.09588880149, 1.40436741445, 0.101448549383, -0.0588974524543
2.18, 1.096180296, 1.40381865452, 0.0287811831659, -0.0590795086365
2.19, 1.09646442515, 1.40318582428, 0.0483065084833, -0.0597256093037
2.2, 1.09714642617, 1.40262414233, 0.108999178344, -0.0629263651327
2.21, 1.09864440872, 1.40192729697, 0.0930573082698, -0.063107086372
2.22, 1.09900757233, 1.40136200061, 0.0649209452318, -0.06460815645
2.23, 1.09994282762, 1.40063513385, 0.078414403196, -0.066902202939
2.24, 1.10057586039, 1.40002395655, 0.0870726530049, -0.062923769656
2.25, 1.10168428068, 1.39937665845, 0.0622324185996, -0.0562881869431
2.26, 1.10182050877, 1.39889819281, 0.0807026869202, -0.0551669753307
2.27, 1.10329833442, 1.39827331895, 0.100089806918, -0.059004471864
2.28, 1.1038223049, 1.39771810337, 0.0795296286417, -0.0635387495044
2.29, 1.10488892699, 1.39700254396, 0.0796273771424, -0.0642765856586
2.3, 1.10541485245, 1.39643257166, 0.0818519131606, -0.0609611538996
2.31, 1.10652596526, 1.39578332088, 0.092903333617, -0.0577869362721
2.32, 1.10727291912, 1.39527683293, 0.0625196262473, -0.0580251592344
2.33, 1.10777635778, 1.39462281769, 0.0708040106764, -0.0613143779143
2.34, 1.10868899933, 1.39405054537, 0.111004677669, -0.0581338560307
2.35, 1.10999645134, 1.39346014057, 0.0645979019397, -0.0610193870981
2.36, 1.10998095737, 1.39283015763, 0.0510751265733, -0.0671339494014
2.37, 1.11101795387, 1.39211746158, 0.09809049462, -0.0538109325603
2.38, 1.11194276726, 1.39175393898, 0.091844090303, -0.0467831063413
2.39, 1.11285483567, 1.39118179946, 0.076531586045, -0.054459190203
2.4, 1.11347339899, 1.39066475518, 0.074348319081, -0.0568782871567
2.41, 1.11434180205, 1.39004423371, 0.0860453704351, -0.0659024445646
2.42, 1.11519430639, 1.38934670629, 0.0700925141605, -0.060872983097
2.43, 1.11574365234, 1.38882677405, 0.0516196009784, -0.0496826035378
2.44, 1.11622669841, 1.38835305422, 0.0615049714918, -0.0587399347579
2.45, 1.11697375177, 1.38765197536, 0.119966571085, -0.0565566716472
2.46, 1.11862602984, 1.38722192078, 0.119661188116, -0.0515759553837
2.47, 1.11936697553, 1.38662045625, 0.021504309838, -0.0634958811182
2.48, 1.11905611603, 1.38595200316, 0.0660842541681, -0.0563642415081
2.49, 1.12068866061, 1.38549317142, 0.126016039931, -0.0509654351336
2.5, 1.12157643683, 1.38493269446, 0.0973163432977, -0.0555188951871
2.51, 1.12263498748, 1.38438279352, 0.0593160666261, -0.0700602223661
2.52, 1.12276275816, 1.38353149001, 0.0481486673487, -0.060025758188
2.53, 1.12359796083, 1.38318227835, 0.0997813188163, -0.0434877505317
2.54, 1.12475838454, 1.382661735, 0.124336674453, -0.0535438427188
2.55, 1.12608469431, 1.3821114015, 0.0987895824851, -0.0570931763752
2.56, 1.12673417619, 1.38151987147, 0.0936992201085, -0.0575963465546
2.57, 1.12795867872, 1.38095947457, 0.0840793450592, -0.0585874202255
2.58, 1.12841576309, 1.38034812307, 0.0768534226235, -0.0554118239075
2.59, 1.12949574717, 1.37985123809, 0.0428021934166, -0.0514484608633
2.6, 1.12927180696, 1.37931915385, 0.0209259956742, -0.0532198790658
2.61, 1.12991426708, 1.37878684051, 0.092384769187, -0.0509754415259
2.62, 1.13111950234, 1.37829964502, 0.115933077327, -0.0494940083986
2.63, 1.13223292863, 1.37779696034, 0.0989405481416, -0.0572708110951
2.64, 1.13309831331, 1.3771542288, 0.111419056028, -0.0500532919107
2.65, 1.13446130975, 1.3767958945, 0.0763632869542, -0.0560993920996
2.66, 1.13462557904, 1.37603224096, 0.0376324884104, -0.0627116293856
2.67, 1.13521395952, 1.37554166191, 0.0700529110064, -0.0477182222378
2.68, 1.13602663726, 1.37507787651, 0.0922134323403, -0.0565118011253
2.69, 1.13705822817, 1.37441142589, 0.0868344423052, -0.0528761870997
2.7, 1.13776332611, 1.37402035277, 0.096403227705, -0.0499861941854
2.71, 1.13898629272, 1.37341170201, 0.0788763895789, -0.0590353120406
2.72, 1.1393408539, 1.37283964653, 0.0760608616458, -0.0486817723035
2.73, 1.14050750995, 1.37243806656, 0.13226767175, -0.0463326519937
2.74, 1.14198620734, 1.37191299349, 0.105130832272, -0.0562092400634
2.75, 1.1426101266, 1.37131388176, 0.0445211783901, -0.0668578464363
2.76, 1.14287663091, 1.37057583656, 0.0652768080381, -0.0501500090873
2.77, 1.14391566276, 1.37031088158, 0.0881922371847, -0.0370818538102
2.78, 1.14464047565, 1.36983419948, 0.0782731247419, -0.049468330721
2.79, 1.14548112525, 1.36932151496, 0.0998731569105, -0.0452935943379
2.8, 1.14663793879, 1.3689283276, 0.112560612521, -0.053839711035
2.81, 1.1477323375, 1.36824472074, 0.0757695141103, -0.0528026464186
2.82, 1.14815332907, 1.36787227467, 0.0572215750544, -0.045388625648
2.83, 1.148876769, 1.36733694823, 0.0873157696058, -0.0475339533296
2.84, 1.14989964446, 1.3669215956, 0.111802753191, -0.0532396980751
2.85, 1.15111282407, 1.36627215427, 0.0761466160772, -0.0553589566117
2.86, 1.15142257678, 1.36581441647, 0.0563512654079, -0.0528102877253
2.87, 1.15223984938, 1.36521594851, 0.0905942224184, -0.0542818210653
2.88, 1.15323446123, 1.36472878005, 0.0908554634483, -0.0429630509687
2.89, 1.15405695865, 1.36435668749, 0.105954626045, -0.0449062349866
2.9, 1.15535355375, 1.36383065535, 0.0965118433522, -0.0492485754319
2.91, 1.15598719551, 1.36337171599, 0.0362561176462, -0.0415424384905
2.92, 1.15607867611, 1.36299980658, 0.072779721209, -0.0547476460148
2.93, 1.15744278994, 1.36227676307, 0.112532767888, -0.052141236615
2.94, 1.15832933146, 1.36195698185, 0.0725771218162, -0.0488148699811
2.95, 1.15889433237, 1.36130046567, 0.0826668745671, -0.0569245290886
2.96, 1.15998266895, 1.36081849126, 0.0928871967588, -0.0414773931709
2.97, 1.16075207631, 1.3604709178, 0.0792576896746, -0.0442010386476
2.98, 1.16156782275, 1.35993447049, 0.0940649919333, -0.0535258896907
2.99, 1.16263337615, 1.35940040001, 0.0688188016762, -0.0524711016832
3.0, 1.16294419878, 1.35888504846, 0.095850183336, -0.0427818209056
3.01, 1.16455037981, 1.35854476359, 0.116935574007, -0.0414106120964
3.02, 1.16528291026, 1.35805683622, 0.112411931145, -0.0430886494796
3.03, 1.16679861844, 1.3576829906, 0.0477047416424, -0.0419321248555
3.04, 1.16623700509, 1.35721819372, 0.0511763859231, -0.051148287833
3.05, 1.16782214616, 1.35666002484, 0.117083677518, -0.0514711469616
3.06, 1.16857867864, 1.35618877078, 0.104855024279, -0.0404918594444
3.07, 1.16991924664, 1.35585018766, 0.0638074157421, -0.0471767350788
3.08, 1.16985482696, 1.35524523608, 0.0772724507675, -0.0504388006071
3.09, 1.17146469566, 1.35484141164, 0.112720621661, -0.0483916930737
3.1, 1.17210923939, 1.35427740222, 0.0555783761144, -0.0494166289519
3.11, 1.17257626318, 1.35385307906, 0.0681241935431, -0.0369303706935
3.12, 1.17347172326, 1.3535387948, 0.131920460844, -0.0409934555257
3.13, 1.1752146724, 1.35303320995, 0.0645161294212, -0.0520885387445
3.14, 1.17476204585, 1.35249702403, 0.0401201977228, -0.0431275870958
3.15, 1.17601707635, 1.35217065821, 0.117560325186, -0.0424433413705
3.16, 1.17711325236, 1.3516481572, 0.101099615013, -0.0400180420656
3.17, 1.17803906865, 1.35137029737, 0.0919399705586, -0.0384300324084
3.18, 1.17895205177, 1.35087955655, 0.0769233195018, -0.0525603696625
3.19, 1.17957753504, 1.35031908998, 0.0852914009472, -0.0526153924048
3.2, 1.18065787979, 1.3498272487, 0.0881956134942, -0.0365382071501
3.21, 1.18134144731, 1.34958832583, 0.10518389536, -0.0389537988218
3.22, 1.18276155769, 1.34904817273, 0.0874298439854, -0.0529352956507
3.23, 1.18309004419, 1.34852961992, 0.060126402589, -0.0427174131217
3.24, 1.18396408574, 1.34819382446, 0.0809950990549, -0.0398490032712
3.25, 1.18470994617, 1.34773263986, 0.0542358203244, -0.0349321463465
3.26, 1.18504880215, 1.34749518154, 0.0714413260538, -0.0440770805555
3.27, 1.18613877269, 1.34685109824, 0.100052699458, -0.0560317563382
3.28, 1.18704985614, 1.34637454641, 0.0978562718358, -0.0387229020279
3.29, 1.18809589813, 1.3460766402, 0.0742485048708, -0.0372351381061
3.3, 1.18853482624, 1.34562984365, 0.0775177929749, -0.047774628305
3.31, 1.18964625399, 1.34512114764, 0.115948048218, -0.0347735945067
3.32, 1.1908537872, 1.34493437176, 0.0859873162378, -0.0357683835044
3.33, 1.19136600031, 1.34440577997, 0.0754083421982, -0.0465282259609
3.34, 1.19236195405, 1.34400380724, 0.108133143767, -0.0408559434926
3.35, 1.19352866319, 1.3435886611, 0.126519118521, -0.0428798881959
3.36, 1.19489233642, 1.34314620948, 0.0831386124946, -0.0410600384652
3.37, 1.19519143544, 1.34276746033, 0.0399868950541, -0.0424936028034
3.38, 1.19569207432, 1.34229633742, 0.0964439973716, -0.039416395921
3.39, 1.19712031539, 1.34197913241, 0.100162911798, -0.039150758336
3.4, 1.19769533255, 1.34151332225, 0.070992945081, -0.042508676885
3.41, 1.19854017429, 1.34112895887, 0.0826632475294, -0.041831925791
3.42, 1.1993485975, 1.34067668374, 0.0674582336144, -0.0351504477417
3.43, 1.19988933896, 1.34042594992, 0.0989549242285, -0.0357342051932
3.44, 1.20132769599, 1.33996199963, 0.0668207671672, -0.0387762693391
3.45, 1.2012257543, 1.33965042453, 0.061878920206, -0.042893246249
3.46, 1.20256527439, 1.33910413471, 0.11377901202, -0.0427128563115
3.47, 1.20350133454, 1.33879616741, 0.104745442141, -0.0341608236892
3.48, 1.20466018324, 1.33842091823, 0.0889852623003, -0.0416486318443
3.49, 1.20528103979, 1.33796319477, 0.0441553399322, -0.0392957724154
3.5, 1.20554329003, 1.33763500279, 0.0980857572478, -0.0340814786348
3.51, 1.20724275493, 1.3372815652, 0.115878783215, -0.0399889451753
3.52, 1.2078608657, 1.33683522388, 0.0431774864428, -0.0340600432219
3.53, 1.20810630466, 1.33660036433, 0.0682579795801, -0.0397744373726
3.54, 1.20922602529, 1.33603973514, 0.10514045552, -0.0454237266481
3.55, 1.21020911377, 1.3356918898, 0.0787387405365, -0.0350935977809
3.56, 1.2108008001, 1.33533786318, 0.0883836926304, -0.032104167463
3.57, 1.21197678763, 1.33504980645, 0.0947359083698, -0.0382271749671
3.58, 1.21269551827, 1.33457331968, 0.0807434150542, -0.0432121534836
3.59, 1.21359165593, 1.33418556338, 0.0659264386116, -0.0355744262715
3.6, 1.21401404704, 1.33386183116, 0.081557681822, -0.0310074028537
3.61, 1.21522280956, 1.33356541532, 0.103706870309, -0.0390212578839
3.62, 1.21608818445, 1.333081406, 0.0734654673766, -0.0347087855649
3.63, 1.21669211891, 1.33287123961, 0.0665805689713, -0.0340098722133
3.64, 1.21741979583, 1.33240120855, 0.0712805357898, -0.0363084256405
3.65, 1.21811772963, 1.3321450711, 0.0892194787942, -0.0414835900609
3.66, 1.2192041854, 1.33157153675, 0.115171279763, -0.04301414635
3.67, 1.22042115522, 1.33128478817, 0.0890484579878, -0.0328168255912
3.68, 1.22098515456, 1.33091520024, 0.0674054111488, -0.0360069638018
3.69, 1.22176926344, 1.33056464889, 0.114910521404, -0.0343573665735
3.7, 1.22328336499, 1.33022805291, 0.107874907038, -0.0333147341527
3.71, 1.22392676159, 1.32989835421, 0.0880161507469, -0.0306057460841
3.72, 1.225043688, 1.32961593799, 0.0804019042703, -0.0387107256271
3.73, 1.22553479967, 1.3291241397, 0.0578539122484, -0.0402214191733
3.74, 1.22620076625, 1.3288115096, 0.0841289592689, -0.032761411664
3.75, 1.22721737886, 1.32846891147, 0.0936492664846, -0.032803328837
3.76, 1.22807375158, 1.32815544303, 0.0849982124734, -0.0357233372938
3.77, 1.22891734311, 1.32775444472, 0.0825630439749, -0.0337806486897
3.78, 1.22972501246, 1.32747983005, 0.0727886977455, -0.0209910681392
3.79, 1.23037311706, 1.32733462336, 0.0594709318351, -0.0353169633481
3.8, 1.2309144311, 1.32677349079, 0.083439798358, -0.0520636429229
3.81, 1.23204191303, 1.3262933505, 0.102759296627, -0.0366947072594
3.82, 1.23296961703, 1.32603959664, 0.0457550057833, -0.0301080005143
3.83, 1.23295701314, 1.32569119049, 0.0682113197426, -0.0354790574827
3.84, 1.23433384342, 1.32533001549, 0.118906357506, -0.0265998744206
3.85, 1.23533514029, 1.325159193, 0.0809428083674, -0.0368821880419
3.86, 1.23595269959, 1.32459237173, 0.114393006629, -0.0404902856436
3.87, 1.23762300043, 1.32434938729, 0.0795335113858, -0.0287611520538
3.88, 1.23754336982, 1.32401714869, 0.0351317056095, -0.0197767068298
3.89, 1.23832563454, 1.32395385315, 0.0903537398113, -0.0256846645626
3.9, 1.23935044461, 1.3235034554, 0.103870401015, -0.0378857500707
3.91, 1.24040304256, 1.32319613815, 0.123499875079, -0.0327295980193
3.92, 1.24182044212, 1.32284886344, 0.0745271540848, -0.0322144685236
3.93, 1.24189358564, 1.32255184878, 0.0723910221033, -0.0306895621777
3.94, 1.24326826256, 1.32223507219, 0.103658256854, -0.0365053118469
3.95, 1.24396675078, 1.32182174254, 0.0644157067548, -0.0273270332646
3.96, 1.24455657669, 1.32168853153, 0.0745533204078, -0.0260529484647
3.97, 1.24545781719, 1.32130068357, 0.0506331604873, -0.0375614737425
3.98, 1.2455692399, 1.32093730205, 0.0986979386136, -0.0294115822435
3.99, 1.24743177596, 1.32071245193, 0.108622653993, -0.0254236586716
4.0, 1.24774169298, 1.32042882888, 0.0365394574623, -0.038090496874
4.01, 1.24816256511, 1.31995064199, 0.0909725037524, -0.0396201130814
4.02, 1.24956114306, 1.31963642662, 0.114710650127, -0.0302216099104
4.03, 1.25045677811, 1.31934620979, 0.056493823998, -0.022497327265
4.04, 1.25069101954, 1.31918648007, 0.0377192805588, -0.0225277334154
4.05, 1.25121116372, 1.31889565512, 0.090611965823, -0.0355355123815
4.06, 1.25250325885, 1.31847576983, 0.0990494366699, -0.0343602614959
4.07, 1.25319215245, 1.31820844989, 0.0780449993703, -0.0306108677341
4.08, 1.25406415884, 1.31786355247, 0.064164588601, -0.0265030039511
4.09, 1.25447544423, 1.31767838981, 0.0772072498493, -0.0247743650189
4.1, 1.25560830384, 1.31736806517, 0.112558399269, -0.0380767544768
4.11, 1.25672661221, 1.31691685473, 0.0538215575008, -0.0270590480746
4.12, 1.25668473499, 1.31682688421, 0.0567779200193, -0.0247462958338
4.13, 1.25786217061, 1.31642192881, 0.0854370298297, -0.0329875986558
4.14, 1.25839347559, 1.31616713224, 0.103691036517, -0.0289047804536
4.15, 1.25993599134, 1.3158438332, 0.10787665333, -0.0290826585912
4.16, 1.26055100865, 1.31558547906, 0.0887812445173, -0.0257835368372
4.17, 1.26171161623, 1.31532816246, 0.0824331814556, -0.0285889632478
4.18, 1.26219967228, 1.3150136998, 0.0689739353295, -0.0338191250217
4.19, 1.26309109494, 1.31465177996, 0.0775619065855, -0.0355250790242
4.2, 1.26375091041, 1.31430319822, 0.106153930636, -0.0213550610506
4.21, 1.26521417355, 1.31422467874, 0.0604777791527, -0.0184047800315
4.22, 1.264960466, 1.31393510262, 0.0355011576447, -0.0271632607662
4.23, 1.26592419671, 1.31368141353, 0.0833577526152, -0.0313970557787
4.24, 1.26662762105, 1.3133071615, 0.0867740896102, -0.0261327868834
4.25, 1.2676596785, 1.31315875779, 0.115407013413, -0.0273503642776
4.26, 1.26893576132, 1.31276015422, 0.0656501551177, -0.0304747942627
4.27, 1.2689726816, 1.3125492619, 0.0569957637673, -0.0224811147155
4.28, 1.27007567659, 1.31231053192, 0.111604539471, -0.0250088923975
4.29, 1.27120477239, 1.31204908406, 0.0900835273947, -0.0281425410879
4.3, 1.27187734714, 1.3117476811, 0.035791292085, -0.0400980862703
4.31, 1.27192059823, 1.31124712233, 0.0419608781816, -0.0204531889504
4.32, 1.2727165647, 1.31133861732, 0.116991152263, -0.0157715591904
4.33, 1.27426042128, 1.31093169115, 0.0501860166753, -0.0375720875526
4.34, 1.27372028504, 1.31058717557, 0.0576085571894, -0.0277613865857
4.35, 1.27541259242, 1.31037646341, 0.111538408155, -0.0228297307188
4.36, 1.2759510532, 1.31013058096, 0.0711339028711, -0.0186393211507
4.37, 1.27683527048, 1.31000367699, 0.0882146138015, -0.025473957474
4.38, 1.27771534548, 1.30962110181, 0.0925488004556, -0.035246481239
4.39, 1.27868624649, 1.30929874737, 0.0735823024427, -0.0216823558797
4.4, 1.27918699152, 1.30918745469, 0.0580424942227, -0.0251582651956
4.41, 1.27984709637, 1.30879558206, 0.0949460691293, -0.0274597682733
4.42, 1.28108591291, 1.30863825932, 0.0819505036287, -0.022445381405
4.43, 1.28148610644, 1.30834667443, 0.042203984051, -0.0292520365999
4.44, 1.28192999259, 1.30805321859, 0.0619937964081, -0.019608757495
4.45, 1.28272598237, 1.30795449928, 0.0822866890288, -0.0148575671502
4.46, 1.28357572637, 1.30775606725, 0.106781320617, -0.0276903142429
4.47, 1.28486160878, 1.307400693, 0.0946881048982, -0.0267792503301
4.48, 1.28546948847, 1.30722048224, 0.0502859232443, -0.0304912668714
4.49, 1.28586732725, 1.30679086766, 0.0911748235905, -0.0273531845844
4.5, 1.28729298494, 1.30667341855, 0.0805033460758, -0.0236180465337
4.51, 1.28747739417, 1.30631850673, 0.067809177926, -0.0283864028344
4.52, 1.2886491685, 1.30610569049, 0.0845597126661, -0.0184392882725
4.53, 1.28916858842, 1.30594972097, 0.078744813899, -0.0202862132179
4.54, 1.29022406478, 1.30569996623, 0.101745231628, -0.0267808753276
4.55, 1.29120349306, 1.30541410346, 0.069626916022, -0.0194227903971
4.56, 1.2916166031, 1.30531151042, 0.068345688517, -0.025962751608
4.57, 1.29257040683, 1.30489484843, 0.0475752134274, -0.032428913084
4.58, 1.29256810736, 1.30466293216, 0.0368347159905, -0.0152866033262
4.59, 1.29330710115, 1.30458911636, 0.0889071444554, -0.0172382916376
4.6, 1.29434625025, 1.30431816633, 0.0839099172597, -0.0203347552297
4.61, 1.29498529949, 1.30418242126, 0.0810171402163, -0.0190739422079
4.62, 1.29596659306, 1.30393668748, 0.109861439417, -0.0305661427264
4.63, 1.29718252828, 1.3035710984, 0.101367164099, -0.0256921347917
4.64, 1.29799393634, 1.30342284479, 0.0352470097327, -0.0188253381594
4.65, 1.29788746847, 1.30319459164, 0.0417480893494, -0.0209853928288
4.66, 1.29882889813, 1.30300313693, 0.0686346783433, -0.0175339065248
4.67, 1.29926016204, 1.30284391351, 0.0862141021103, -0.0198554676724
4.68, 1.30055318017, 1.30260602758, 0.0929396647618, -0.0298526445591
4.69, 1.30111895534, 1.30224686062, 0.0634697239729, -0.0329540532484
4.7, 1.30182257465, 1.30194694651, 0.0642064042918, -0.0167662049594
4.71, 1.30240308342, 1.30191153652, 0.0826246951316, -0.012650198238
4.72, 1.30347506855, 1.30169394255, 0.0595619948039, -0.0187336173233
4.73, 1.30359432332, 1.30153686417, 0.0763152414555, -0.0216393450945
4.74, 1.30500137338, 1.30126115565, 0.109504749749, -0.0237052886468
4.75, 1.30578441831, 1.3010627584, 0.0532279150767, -0.0228985340241
4.76, 1.30606593168, 1.30080318497, 0.0724483590548, -0.0210370189483
4.77, 1.30723338549, 1.30064201802, 0.0675357319085, -0.0217974556322
4.78, 1.30741664632, 1.30036723585, 0.0636741503765, -0.0203126924519
4.79, 1.3085068685, 1.30023576417, 0.0625418865668, -0.0206584913583
4.8, 1.30866748405, 1.29995406603, 0.0614409060732, -0.0265112077948
4.81, 1.30973568662, 1.29970554001, 0.0679729595574, -0.030833069303
4.82, 1.31002694324, 1.29933740464, 0.0894172602596, -0.0127123323279
4.83, 1.31152403183, 1.29945129337, 0.0893551069877, -0.0126128229498
4.84, 1.31181404538, 1.29908514818, 0.0463139671009, -0.0213774496587
4.85, 1.31245031117, 1.29902374437, 0.0770201587164, -0.0119574506359
4.86, 1.31335444856, 1.29884599917, 0.101494669992, -0.0173781296616
4.87, 1.31448020457, 1.29867618178, 0.0706922494704, -0.0263116718291
4.88, 1.31476829355, 1.29831976573, 0.0456584311928, -0.0249594953472
4.89, 1.31539337319, 1.29817699187, 0.0634835528231, -0.0141472182816
4.9, 1.3160379646, 1.29803682137, 0.0690835140482, -0.0215666507567
4.91, 1.31677504348, 1.29774565886, 0.0841916539061, -0.0200039571145
4.92, 1.31772179768, 1.29763674222, 0.0406329613602, -0.0155421705381
4.93, 1.3175877027, 1.29743481545, 0.081780099845, -0.0237090391353
4.94, 1.31935739968, 1.29716256144, 0.107165980351, -0.0161770312523
4.95, 1.31973102231, 1.29711127482, 0.0481303055574, -0.0199471702792
4.96, 1.32032000579, 1.29676361803, 0.0860143808943, -0.0247624041511
4.97, 1.32145130993, 1.29661602674, 0.0625062466891, -0.0131827244005
4.98, 1.32157013072, 1.29649996355, 0.0644194844837, -0.0181899865989
4.99, 1.32273969962, 1.29625222701, 0.0784531213116, -0.0190881780742
5.0, 1.32313919315, 1.29611819999, 0.0535756747642, -0.0140261699077
5.01, 1.32381121311, 1.29597170361, 0.0749126775318, -0.0225907579171
5.02, 1.3246374467, 1.29566638483, 0.0743426384645, -0.0177406811271
5.03, 1.32529806588, 1.29561688999, 0.0858432515472, -0.0170804090081
5.04, 1.32635431173, 1.29532477665, 0.0392689291557, -0.0260001426347
5.05, 1.32608344446, 1.29509688714, 0.0293604950013, -0.0226130689783
5.06, 1.32694152163, 1.29487251527, 0.0716037748248, -0.0132835571326
5.07, 1.32751551996, 1.29483121599, 0.0834886768196, -0.0102976623398
5.08, 1.32861129517, 1.29466656202, 0.0817405681326, -0.0174435132043
5.09, 1.32915033132, 1.29448234573, 0.0614834741191, -0.0195533800923
5.1, 1.32984096465, 1.29427549442, 0.079161959979, -0.0152358557878
5.11, 1.33073357052, 1.29417762861, 0.0788413313987, -0.0129196947402
5.12, 1.33141779128, 1.29401710052, 0.0783881960527, -0.0194665515857
5.13, 1.33230133444, 1.29378829758, 0.0540482361727, -0.015650663371
5.14, 1.332498756, 1.29370408726, 0.0747780808058, -0.0173577822158
5.15, 1.33379689606, 1.29344114194, 0.120120638709, -0.0230560252797
5.16, 1.33490116877, 1.29324296675, 0.0271990857388, -0.0191112727509
5.17, 1.33434087778, 1.29305891648, 0.00829284052988, -0.0176259305555
5.18, 1.33506702558, 1.29289044814, 0.104013016647, -0.0189020477534
5.19, 1.33642113811, 1.29268087553, 0.0716945416347, -0.0175098741875
5.2, 1.33650091642, 1.29254025066, 0.0493732109651, -0.0165752566263
5.21, 1.33740860233, 1.29234937039, 0.0553915507077, -0.00705333761402
5.22, 1.33760874743, 1.2923991839, 0.062840398449, -0.00939066986537
5.23, 1.3386654103, 1.292161557, 0.0966766360213, -0.0206592607457
5.24, 1.33954228015, 1.29198599869, 0.0718364073622, -0.0222319487175
5.25, 1.34010213844, 1.29171691802, 0.02600622197, -0.019670461501
5.26, 1.34006240459, 1.29159258946, 0.0720691081055, -0.0158294387619
5.27, 1.34154352061, 1.29140032925, 0.106778685429, -0.0184073721201
5.28, 1.3421979783, 1.29122444202, 0.0645328094615, -0.0154496603204
5.29, 1.3428341768, 1.29109133604, 0.0521130292892, -0.012875291312
5.3, 1.34324023889, 1.29096693619, 0.0415703296551, -0.0120799710241
5.31, 1.34366558339, 1.29084973662, 0.0698689691775, -0.0162581349109
5.32, 1.34463761827, 1.29064177349, 0.0743247231483, -0.016151247402
5.33, 1.34515207785, 1.29052671167, 0.0501036348543, -0.0194487825482
5.34, 1.34563969097, 1.29025279784, 0.0748759641969, -0.021185376274
5.35, 1.34664959714, 1.29010300415, 0.0500625806292, -0.00891584861313
5.36, 1.34664094258, 1.29007448087, 0.0730149177864, -0.0123932445469
5.37, 1.34810989549, 1.28985513926, 0.0919577001526, -0.0175443243038
5.38, 1.34848009658, 1.28972359438, 0.0380084380084, -0.0152451185576
5.39, 1.34887006425, 1.28955023688, 0.0559048249763, -0.011537377955
5.4, 1.34959819308, 1.28949284682, 0.067114028363, -0.0109853008182
5.41, 1.35021234482, 1.28933053087, 0.0801449763796, -0.013813256557
5.42, 1.35120109261, 1.28921658169, 0.0717937019618, -0.0161362837236
5.43, 1.35164821886, 1.28900780519, 0.0528864970375, -0.0132010757742
5.44, 1.35225882255, 1.28895256018, 0.0575494644689, -0.016637876099
5.45, 1.35279920815, 1.28867504767, 0.0790850626289, -0.0238835466314
5.46, 1.3538405238, 1.28847488924, 0.0644634857098, -0.0114429455486
5.47, 1.35408847786, 1.28844618876, 0.0597533340789, -0.0132884851284
5.48, 1.35503559048, 1.28820911954, 0.0686276922676, -0.00883505297159
5.49, 1.35546103171, 1.2882694877, 0.0528387584405, -0.0103891475564
5.5, 1.35609236565, 1.28800133659, 0.0693804705641, -0.0145754462795
5.51, 1.35684864112, 1.28797797878, 0.048096481861, -0.0128037236739
5.52, 1.35705429529, 1.28774526212, 0.0474466981704, -0.0201292543312
5.53, 1.35779757508, 1.28757539369, 0.0528330828171, -0.0165279453362
5.54, 1.35811095695, 1.28741470321, 0.0509638831076, -0.0148001417713
5.55, 1.35881685274, 1.28727939085, 0.0749466520483, -0.0116954425567
5.56, 1.35960988999, 1.28718079436, 0.0669350490426, -0.0186744459633
5.57, 1.36015555372, 1.28690590193, 0.066884219916, -0.0186526573654
5.58, 1.36094757439, 1.28680774121, 0.0790895429353, -0.00921005175022
5.59, 1.36173734458, 1.2867217009, 0.0424079131883, -0.00785294834029
5.6, 1.36179573265, 1.28665068225, 0.044747283412, -0.00961827561755
5.61, 1.36263229025, 1.28652933539, 0.0680182819166, -0.0175558933868
5.62, 1.36315609829, 1.28629956438, 0.065674993267, -0.0140435802318
5.63, 1.36394579012, 1.28624846378, 0.0712716554722, -0.0110024588767
5.64, 1.3645815314, 1.2860795152, 0.0196600559236, -0.0172230338215
5.65, 1.36433899124, 1.28590400311, 0.04010561664, -0.00936666967835
5.66, 1.36538364373, 1.28589218181, 0.0854731320568, -0.00762044682092
5.67, 1.36604845388, 1.28575159417, 0.0677111152047, -0.0165323942165
5.68, 1.36673786603, 1.28556153392, 0.0737810255317, -0.0184310865624
5.69, 1.36752407439, 1.28538297244, 0.0775358783249, -0.0120225560589
5.7, 1.3682885836, 1.2853210828, 0.0491114070534, -0.0101674367313
5.71, 1.36850630253, 1.2851796237, 0.078011973569, -0.00547489266574
5.72, 1.36984882307, 1.28521158495, 0.0628878801522, -0.0147536801166
5.73, 1.36976406013, 1.2848845501, 0.0376416547409, -0.0208679071429
5.74, 1.37060165617, 1.2847942268, 0.0705641068876, -0.0134789007542
5.75, 1.37117534227, 1.28461497209, 0.066790117355, -0.0111845416956
5.76, 1.37193745851, 1.28457053597, 0.0494883156959, -0.00829599465977
5.77, 1.37216510858, 1.28444905219, 0.025237958233, -0.0154933193951
5.78, 1.37244221768, 1.28426066958, 0.063531942139, -0.012578672227
5.79, 1.37343574743, 1.28419747875, 0.0828035190121, -0.00895470515548
5.8, 1.37409828806, 1.28408157548, 0.0365262370616, -0.00982343586107
5.81, 1.37416627217, 1.28400101003, 0.02823705693, -0.0101647285075
5.82, 1.3746630292, 1.28387828091, 0.0914876427569, -0.0174574109914
5.83, 1.37599602502, 1.28365186181, 0.0773282093378, -0.00914800379536
5.84, 1.37620959338, 1.28369532083, 0.026083841933, -0.00679530447285
5.85, 1.37651770186, 1.28351595572, 0.0550351220983, -0.0102999189057
5.86, 1.37731029583, 1.28348932246, 0.0457362833366, -0.00977777346263
5.87, 1.37743242753, 1.28332040025, 0.0497819954787, -0.0143824419386
5.88, 1.37830593574, 1.28320167362, 0.0878527017993, -0.0114509749825
5.89, 1.37918948156, 1.28309138075, 0.0829747636711, -0.0117927076372
5.9, 1.37996543101, 1.28296581946, 0.0496579837038, -0.00812564699443
5.91, 1.38018264124, 1.28292886781, 0.0580131955482, -0.011036421527
5.92, 1.38112569492, 1.28274509103, 0.0564286412308, -0.011669650613
5.93, 1.38131121406, 1.2826954748, 0.0372327289764, -0.00844367636867
5.94, 1.3818703495, 1.28257621751, 0.0645578680877, -0.0105457493285
5.95, 1.38260237142, 1.28248455981, 0.0695730239888, -0.0106046668233
5.96, 1.38326180998, 1.28236412417, 0.0270422741012, -0.0108222549379
5.97, 1.38314321691, 1.28226811472, 0.0181854273259, -0.0106974443732
5.98, 1.38362551853, 1.28215017528, 0.0544276707284, -0.00964701604826
5.99, 1.38423177032, 1.28207517439, 0.0643295126328, -0.0115484857447
6.0, 1.38491210878, 1.28191920557, 0.0639573284647, -0.00857674923728
6.01, 1.38551091689, 1.28190363941, 0.0576323579093, -0.0172661078959
6.02, 1.38606475594, 1.28157388341, 0.0891377292157, -0.00876753191704
6.03, 1.38729367147, 1.28172828877, 0.0765357162721, -0.00109813873431
6.04, 1.38759547026, 1.28155192063, 0.0158507716361, -0.0162542863379
6.05, 1.38761068691, 1.28140320305, 0.0250756294007, -0.0123581432479
6.06, 1.38809698285, 1.28130475777, 0.0630428594987, -0.0110486535344
6.07, 1.3888715441, 1.28118222997, 0.0674177179077, -0.00670750211252
6.08, 1.38944533721, 1.28117060773, 0.0466034493647, -0.00570730431796
6.09, 1.38980361308, 1.28106808389, 0.0941341846075, -0.0137817315196
6.1, 1.3913280209, 1.2808949731, 0.0718361415698, -0.0166988412035
6.11, 1.39124033592, 1.28073410706, 0.0195230492747, -0.00762420754712
6.12, 1.39171848189, 1.28074248895, 0.0387641309348, -0.0115713843062
6.13, 1.39201561853, 1.28050267938, 0.0597399492173, -0.0100359500661
6.14, 1.39291328087, 1.28054176994, 0.0535653214524, -0.00786117239245
6.15, 1.39308692496, 1.28034545593, 0.0519660992989, -0.0110351862813
6.16, 1.39395260286, 1.28032106622, 0.0650535142659, -0.0129888088262
6.17, 1.39438799525, 1.28008567975, 0.0184678634146, -0.00328936887611
6.18, 1.39432196012, 1.28025527884, 0.0659266000787, -0.0038871354301
6.19, 1.39570652725, 1.28000793704, 0.0792547126535, -0.0152418929648
6.2, 1.39590705438, 1.27995044098, 0.0405493446156, -0.00887550926686
6.21, 1.39651751414, 1.27983042686, 0.0326459235146, -0.0117879572985
6.22, 1.39655997285, 1.27971468184, 0.0353077600988, -0.00953193814663
6.23, 1.39722366934, 1.2796397881, 0.0760689454897, -0.00950503872498
6.24, 1.39808135176, 1.27952458106, 0.0688045275992, -0.00878319280907
6.25, 1.3985997599, 1.27946412424, 0.029412859615, -0.00144225853577
6.26, 1.39866960895, 1.27949573589, 0.0441533307472, -0.00858099811923
6.27, 1.39948282651, 1.27929250428, 0.0800997814233, -0.0118962565923
6.28, 1.40027160458, 1.27925781076, 0.0565084993603, -0.00539227001265
6.29, 1.4006129965, 1.27918465888, 0.0301744982286, -0.016601524853
6.3, 1.40087509454, 1.27892578026, 0.0382606490491, -0.00985712819367
6.31, 1.40137820948, 1.27898751631, 0.0661562210571, -0.00952619850957
6.32, 1.40219821896, 1.27873525629, 0.0615985444466, -0.00948122440448
6.33, 1.40261018037, 1.27879789183, 0.0306932626877, -0.00965078323487
6.34, 1.40281208422, 1.27854224063, 0.0414699866813, -0.00709917785837
6.35, 1.4034395801, 1.27865590827, 0.0610454333415, 0.000952459682979
6.36, 1.40403299288, 1.27856128982, 0.0432290367216, -0.0142221168151
6.37, 1.40430416084, 1.27837146593, 0.0676463009331, -0.0186856445888
6.38, 1.4053859189, 1.27818757693, 0.0651536142129, -0.0118819238997
6.39, 1.40560723312, 1.27813382745, 0.0209830832647, -0.0059514134273
6.4, 1.40580558057, 1.27806854866, 0.0509616428563, -0.00337945939682
6.41, 1.40662646598, 1.27806623827, 0.028577310335, -0.00225775528032
6.42, 1.40637712678, 1.27802339356, 0.0541709264372, -0.00985304724127
6.43, 1.40770988451, 1.27786917732, 0.0912343062039, -0.00767005297453
6.44, 1.4082018129, 1.2778699925, 0.00298631291844, -0.00825478683175
6.45, 1.40776961076, 1.27770408158, 0.0157041898359, -0.00981603956732
6.46, 1.4085158967, 1.2776736717, 0.0958475172271, -0.00638277769279
6.47, 1.40968656111, 1.27757642603, 0.0729859925536, -0.00912616522698
6.48, 1.40997561655, 1.2774911484, 0.041887426624, 0.00412286420942
6.49, 1.41052430964, 1.27765888332, 0.0154654680816, -0.00892713607074
6.5, 1.41028492591, 1.27731260568, 0.0538906219162, -0.0192415733289
6.51, 1.41160212208, 1.27727405185, 0.0735746251831, -0.010227334084
6.52, 1.41175641841, 1.277108059, 0.0477988263286, -0.00830608055415
6.53, 1.41255809861, 1.27710793024, 0.0334725211153, -0.00553593950282
6.54, 1.41242586884, 1.27699734021, 0.0031177891781, -0.0166049158668
6.55, 1.41262045439, 1.27677583192, 0.0715199708365, -0.00228609041172
6.56, 1.41385626825, 1.2769516184, 0.0516575300772, -0.0035904714428
6.57, 1.41365360499, 1.27670402249, 0.0383455897971, -0.0154706836794
6.58, 1.41462318005, 1.27664220472, 0.0782924452533, -0.00771533557558
6.59, 1.4152194539, 1.27654971578, 0.0419851869799, -0.00168191914615
6.6, 1.41546288379, 1.27660856634, 0.0467953866277, 0.00373335083776
6.61, 1.41615536163, 1.2766243828, 0.0667203001213, -0.000638131513042
6.62, 1.41679728979, 1.27659580371, 0.0332290255264, -0.00711911519635
6.63, 1.41681994214, 1.27648200049, 0.0245224719064, -0.0198134748019
6.64, 1.41728773923, 1.27619953422, 0.067819627253, -0.00772909301747
6.65, 1.41817633469, 1.27632741863, 0.0636242558058, -0.00612196990991
6.66, 1.41856022434, 1.27607709482, 0.0263992632566, -0.0125805579501
6.67, 1.41870431995, 1.27607580747, 0.0381127258972, -0.00292155377255
6.68, 1.41932247886, 1.27601866374, 0.0652749015845, -0.014185020874
6.69, 1.42000981798, 1.27579210706, 0.0529067245656, -0.0105462587412
6.7, 1.42038061335, 1.27580773857, 0.054778022132, -0.00233717183175
6.71, 1.42110537842, 1.27574536362, 0.0607059650009, 0.00188914161214
6.72, 1.42159473265, 1.2758455214, 0.0363268748166, -0.0064373721857
6.73, 1.42183191592, 1.27561661618, 0.0209265606543, -0.0103210138195
6.74, 1.42201326387, 1.27563910112, 0.0415459139506, -0.00743102810592
6.75, 1.4226628342, 1.27546799561, 0.0303340029555, -0.0108042689432
6.76, 1.42261994393, 1.27542301574, 0.0263196519463, -0.0068413744125
6.77, 1.42318922724, 1.27533116813, 0.060519852582, -0.00351711387215
6.78, 1.42383034098, 1.27535267347, 0.0452550187054, -0.00684377611875
6.79, 1.42409432761, 1.2751942926, 0.0740771063877, -0.011410790764
6.8, 1.4253118831, 1.27512445765, 0.0706423334868, 0.00488536043168
6.81, 1.42550717428, 1.27529199981, 0.0265755372765, -0.004028175194
6.82, 1.42584339385, 1.27504389415, 0.04470664788, -0.0072083109681
6.83, 1.42640130724, 1.27514783359, 0.0285704364725, -0.00277491851389
6.84, 1.42641480258, 1.27498839578, 0.0323181768294, -0.00576605604676
6.85, 1.42704767078, 1.27503251247, 0.0491163263083, -0.0113580716606
6.86, 1.42739712911, 1.27476123434, 0.0114263903799, -0.0162862760632
6.87, 1.42727619858, 1.27470678695, 0.0186148391003, -0.0042272035674
6.88, 1.42776942589, 1.27467669027, 0.0780562203801, -0.00529590614251
6.89, 1.42883732299, 1.27460086883, 0.0993792534588, -0.00524559810495
6.9, 1.42975701096, 1.27457177831, 0.043396919937, -0.0127131701407
6.91, 1.42970526139, 1.27434660542, 0.00509876345193, -0.0121805906587
6.92, 1.42985898623, 1.2743281665, 0.038922386775, -0.00170321764132
6.93, 1.43048370913, 1.27431254107, 0.0240056965546, -0.000943164591272
6.94, 1.43033910016, 1.27430930321, 0.0283943619301, -0.00456389065989
6.95, 1.43105159636, 1.27422126326, 0.0999619511413, -0.00992176062751
6.96, 1.43233833918, 1.27411086799, 0.0298801136262, -0.0028191632089
6.97, 1.43164919864, 1.27416487999, 0.0166268788089, -0.00708651922897
6.98, 1.43267087676, 1.27396913761, 0.0607968009429, -0.00891038059525
6.99, 1.43286513466, 1.27398667238, 0.0461223091528, -0.00622476441807
7.0, 1.43359332294, 1.27384464232, 0.0508096852442, -0.00820329136265
7.01, 1.43388132836, 1.27382260655, 0.0384208419817, 0.00687352145922
7.02, 1.43436173978, 1.27398211275, 0.0185602267601, 0.00242202515469
7.03, 1.4342525329, 1.27387104706, 0.0163579410839, -0.0135084023883
7.04, 1.4346888986, 1.2737119447, 0.0570383865388, -0.0137487138079
7.05, 1.43539330063, 1.27359607278, 0.0895936292026, -0.010691342571
7.06, 1.43648077118, 1.27349811785, 0.0593677474465, -0.00699074528742
7.07, 1.43658065558, 1.27345625788, 0.00809893291565, 0.00111111755802
7.08, 1.43664274984, 1.2735203402, 0.020256060172, -0.00177344171862
7.09, 1.43698577678, 1.27342078904, 0.0289408447756, -0.0101163141594
7.1, 1.43722156674, 1.27331801392, 0.0542192985611, -0.00740482179094
7.11, 1.43807016275, 1.27327269261, 0.0643343523655, -0.00661608175938
7.12, 1.43850825379, 1.27318569228, 0.0120524950768, -0.00415132321688
7.13, 1.43831121265, 1.27318966614, 0.0208471203689, -0.000878564133233
7.14, 1.43892519619, 1.273168121, 0.0722752614811, 0.00443411352461
7.15, 1.43975671788, 1.27327834841, 0.0509417948572, -0.0013891674822
7.16, 1.43994403209, 1.27314033765, -0.00466868686746, -0.0176270380039
7.17, 1.43966334414, 1.27292580765, 0.0699380485016, -0.0119499624017
7.18, 1.44134279306, 1.2729013384, 0.0686809472888, -0.00598205218181
7.19, 1.44103696309, 1.27280616661, 0.015446984486, -0.000682307114541
7.2, 1.44165173275, 1.27288769226, 0.0472136817681, -0.00375577304574
7.21, 1.44198123673, 1.27273105115, 0.0474424654336, -0.00465405419334
7.22, 1.44260058206, 1.27279461118, 0.0340721115447, -0.00312920243172
7.23, 1.44266267896, 1.2726684671, 0.0445009314955, -0.0111393223195
7.24, 1.44349060069, 1.27257182473, 0.0259800063756, -0.00658892401251
7.25, 1.44318227908, 1.27253668862, 0.0487311280498, -0.0020801615468
7.26, 1.44446522325, 1.2725302215, 0.0374921079436, -0.0103277781439
7.27, 1.44393212124, 1.27233013306, 0.0189604707387, -0.00337752161002
7.28, 1.44484443266, 1.27246267107, 0.0528282246065, -0.00082784126848
7.29, 1.44498868574, 1.27231357623, 0.024224844451, -0.000267845300794
7.3, 1.44532892955, 1.27245731416, 0.0333968774551, -0.00210091128912
7.31, 1.44565662328, 1.272271558, 0.0423208438533, -0.00826953831885
7.32, 1.44617534643, 1.27229192339, 0.0234837597137, -0.000480219908638
7.33, 1.44612629848, 1.27226195361, 0.0314119722451, -0.00469815666398
7.34, 1.44680358588, 1.27219796026, 0.0408994695227, -0.00908627629754
7.35, 1.44694428787, 1.27208022808, 0.0441898364008, -0.00387735824811
7.36, 1.4476873826, 1.2721204131, 0.0473432082973, 0.000396500590139
7.37, 1.44789115203, 1.27208815809, 0.0334374999134, -0.00726831211263
7.38, 1.4483561326, 1.27197504685, 0.0403604754245, -0.00490583997164
7.39, 1.44869836154, 1.27199004129, 0.038198619103, -0.00688089771089
7.4, 1.44912010498, 1.2718374289, 0.0526140525039, -0.00909824813485
7.41, 1.44975064259, 1.27180807633, 0.0383127017899, -0.00750904105294
7.42, 1.44988635902, 1.27168724808, 0.0277606114546, -0.00497274507434
7.43, 1.45030585482, 1.27170862143, 0.0489739674343, -0.00226434767275
7.44, 1.45086583837, 1.27164196113, 0.0480476497057, -0.00277585119612
7.45, 1.45126680782, 1.2716531044, 0.0324084482898, -0.00336371795793
7.46, 1.45151400733, 1.27157468677, 0.0353076955895, -0.00708145886203
7.47, 1.45197296173, 1.27151147523, 0.0383186753871, 0.00674905819041
7.48, 1.45228038084, 1.27170966793, 0.0506374055881, 0.000976840197242
7.49, 1.45298570984, 1.27153101203, 0.0452160035659, -0.0140819374052
7.5, 1.45318470091, 1.27142802918, 0.00407376123539, -0.00506972142899
7.51, 1.45306718506, 1.2714296176, 0.0520763943801, -0.00378481933108
7.52, 1.4542262288, 1.2713523328, 0.0460912046129, -0.0080794590637
7.53, 1.45398900916, 1.27126802842, -0.0219738917868, -0.00802489604038
7.54, 1.45378675097, 1.27119183487, 0.0443657015611, -0.00319170838268
7.55, 1.45487632319, 1.27120419425, 0.0947157015471, -0.00648117802439
7.56, 1.455681065, 1.27106221131, 0.0339775865757, -0.0033090016539
7.57, 1.45555587492, 1.27113801422, 0.00487665061708, -0.000703164538185
7.58, 1.45577859801, 1.27104814802, 0.0277295558793, -0.00024609586714
7.59, 1.45611046604, 1.2711330923, 0.0529153601357, -0.00486701308458
7.6, 1.45683690521, 1.27095080776, 0.0196952423979, -0.00798682839933
7.61, 1.45650437089, 1.27097335574, 0.048692999486, -0.00125337201826
7.62, 1.4578107652, 1.27092574032, 0.0407658296908, -0.00622788063555
7.63, 1.45731968748, 1.27084879812, 0.00348106935002, -0.00683317258681
7.64, 1.45788038659, 1.27078907687, 0.028499145838, 0.00287932150483
7.65, 1.4578896704, 1.27090638455, 0.0367008626476, 0.00177240480234
7.66, 1.45861440384, 1.27082452497, 0.0661665231951, -0.00876108010143
7.67, 1.45921300086, 1.27073116295, 0.0346835974037, -0.00907314730197
7.68, 1.45930807579, 1.27064306202, 0.0123123207279, -0.00288522690338
7.69, 1.45945924727, 1.27067345841, 0.0367116606784, 0.000422150544077
7.7, 1.460042309, 1.27065150503, 0.0401353021422, -0.000257819730076
7.71, 1.46026195332, 1.27066830202, 0.00728496745878, -0.00795907830341
7.72, 1.46018800835, 1.27049232346, 0.0139104710295, -0.0062948706698
7.73, 1.46054016274, 1.2705424046, 0.0449100362188, -0.00603603943812
7.74, 1.46108620908, 1.27037160268, 0.0538897822465, -0.00414429903345
7.75, 1.46161795838, 1.27045951862, 0.0562467002431, -0.00149037918444
7.76, 1.46221114308, 1.27034179509, 0.0380566247179, -0.000866100227215
7.77, 1.46237909088, 1.27044219662, 0.00930582951294, -0.00215362904904
7.78, 1.46239725967, 1.27029872251, 0.00580200449249, -0.00777969023549
7.79, 1.46249513097, 1.27028660281, 0.0247639206288, 0.00372072238212
7.8, 1.46289253808, 1.27037313696, 0.0576060746169, 0.00164528002544
7.81, 1.46364725246, 1.27031950842, 0.0601870378959, -0.00844098201495
7.82, 1.46409627884, 1.27020431732, -0.00705471821916, -0.00255606828961
7.83, 1.46350615809, 1.27026838705, 0.0600686230515, -0.00106339487327
7.84, 1.4652976513, 1.27018304942, 0.0359566932924, -0.00956727710594
7.85, 1.46422529196, 1.27007704151, -0.0159084531522, -0.0191865396861
7.86, 1.46497948224, 1.26979931863, 0.06218022401, 0.00591715648988
7.87, 1.46546889644, 1.27019538464, 0.0320010089244, 0.00519283899176
7.88, 1.46561950242, 1.26990317541, 0.040765551314, -0.0155003854073
7.89, 1.46628420747, 1.26988537693, 0.0564517555838, 0.0048479853095
7.9, 1.46674853753, 1.27000013511, 0.0284177696747, -0.0106520933726
7.91, 1.46685256286, 1.26967233506, 0.0407029248318, -0.00482469475697
7.92, 1.46756259603, 1.26990364122, 0.0388758933213, 0.00924042026139
7.93, 1.46763008073, 1.26985714347, 0.0113907238276, -0.00716944467735
7.94, 1.4677904105, 1.26976025232, 0.0308974240998, -0.00867686306256
7.95, 1.46824802921, 1.26968360621, 0.0195190805088, 0.00104069373023
7.96, 1.46818079211, 1.2697810662, 0.00522826475602, 0.00276282804065
7.97, 1.4683525945, 1.26973886277, 0.027899403738, -0.00738477049211
7.98, 1.46873878019, 1.26963337079, 0.0389171499795, -0.000990774914544
7.99, 1.4691309375, 1.26971904727, 0.0447431852547, -0.00562447140838
8.0, 1.46963364389, 1.26952088136, 0.0595378623142, -0.0054395996804
8.01, 1.47032169475, 1.26961025527, 0.0181971412, -0.00479799202735
8.02, 1.46999758672, 1.26942492152, 0.020991587177, 0.0044429902486
8.03, 1.47074152649, 1.26969911508, 0.0645995940505, 0.00364313721637
8.04, 1.4712895786, 1.26949778426, 0.0502733023711, -0.0108667906808
8.05, 1.47174699254, 1.26948177927, -0.0076080509166, -0.00857052039653
8.06, 1.47113741758, 1.26932637386, -0.0060966373105, -0.00538915597573
8.07, 1.47162505979, 1.26937399615, 0.0286803204188, 0.00718916823669
8.08, 1.47171102399, 1.26947015722, 0.050753730133, -0.00442003057053
8.09, 1.4726401344, 1.26928559553, 0.0622528589363, -0.00896520374616
8.1, 1.47295608117, 1.26929085315, 0.00169207965126, 0.000338715443837
8.11, 1.47267397599, 1.26929236984, 0.0194436064089, -0.00862971430757
8.12, 1.47334495329, 1.26911825886, 0.0631632792417, -0.00753901797963
8.13, 1.47393724158, 1.26914158948, 0.0245698859819, 0.00228151268828
8.14, 1.47383635101, 1.26916388911, 0.00476396389155, 0.0018135004529
8.15, 1.47403252085, 1.26917785949, 0.0501632583406, 0.00327134249185
8.16, 1.47483961618, 1.26922931596, 0.0380222479349, -0.00968661874458
8.17, 1.47479296581, 1.26898412712, 0.00943229194234, -0.00609151941138
8.18, 1.47502826202, 1.26910748558, 0.0246489620779, 0.00666107621675
8.19, 1.47528594505, 1.26911734864, 0.0546961400328, -0.00695021678917
8.2, 1.47612218482, 1.26896848124, 0.0459752362069, -0.00580167774441
8.21, 1.47620544978, 1.26900131509, -0.0089775206416, -0.000844714193204
8.22, 1.47594263441, 1.26895158696, 0.0369211616418, -0.00211243113275
8.23, 1.47694387301, 1.26895906647, 0.0358334256347, -0.00452752334161
8.24, 1.47665930292, 1.26886103649, 0.0157065124642, -0.00322462984702
8.25, 1.47725800326, 1.26889457387, 0.0487471525611, -0.00352717837303
8.26, 1.47763424597, 1.26879049292, 0.0607258938783, -0.00152333225828
8.27, 1.47847252114, 1.26886410722, 0.0275163868784, -0.00682685588648
8.28, 1.47818457371, 1.2686539558, -0.0119425087438, -0.00481337028567
8.29, 1.47823367096, 1.26876783982, 0.0359789783561, 0.00711297317694
8.3, 1.47890415328, 1.26879621527, 0.051779998139, -0.00214047544537
8.31, 1.47926927093, 1.26872503031, 0.0401565213719, -0.00720858682172
8.32, 1.4797072837, 1.26865204353, -0.00239771561454, 0.00257155276712
8.33, 1.47922131661, 1.26877646136, -0.00247636979491, -0.00715486253982
8.34, 1.47965775631, 1.26850894628, 0.0886790271207, -0.0102226976588
8.35, 1.48099489716, 1.26857200741, 0.0183842363099, 0.00593730602867
8.36, 1.48002544103, 1.2686276924, -0.0152107418415, -0.00647416255206
8.37, 1.48069068232, 1.26844252416, 0.0519351733637, -0.00358753881327
8.38, 1.4810641445, 1.26855594162, 0.0537315302332, -0.00641005487293
8.39, 1.48176531292, 1.26831432306, 0.0158633441486, -0.00740684004876
8.4, 1.48138141138, 1.26840780482, 0.0022916002395, 0.00259091487962
8.41, 1.48181114493, 1.26836614136, 0.0548732078299, 0.00207936384944
8.42, 1.48247887554, 1.2684493921, 0.0309012146431, -0.00592857333327
8.43, 1.48242916922, 1.26824756989, 0.0179404496823, -0.00330327204694
8.44, 1.48283768453, 1.26838332666, 0.0310657506427, 0.00435983243683
8.45, 1.48305048423, 1.26833476654, 0.0536631272358, -0.00492265623546
8.46, 1.48391094708, 1.26828487353, 0.0196637420644, 0.0039118488551
8.47, 1.48344375908, 1.26841300352, -0.0139799035316, -0.00384338881474
8.48, 1.48363134901, 1.26820800576, 0.0313337374743, -0.010708080891
8.49, 1.48407043382, 1.2681988419, 0.0469180239344, 0.00556412659253
8.5, 1.48456970949, 1.26831928829, 0.033815159037, -0.00379185671094
8.51, 1.48474673701, 1.26812300477, 0.0256248894872, -0.00932724296115
8.52, 1.48508220728, 1.26813274343, 0.0293253460777, 0.000350501942137
8.53, 1.48533324393, 1.26813001481, 0.0199618233738, 0.000379715909049
8.54, 1.48548144374, 1.26814033775, 0.0259017787154, -0.00754338500459
8.55, 1.4858512795, 1.26797914711, 0.0220268011853, -0.00634276452128
8.56, 1.48592197977, 1.26801348246, 0.00655590079159, 0.00169861488818
8.57, 1.48598239752, 1.2680131194, 0.0219397361384, 0.00148265090936
8.58, 1.48636077449, 1.26804313548, 0.0325663065109, 0.00143614026556
8.59, 1.48663372365, 1.26804184221, 0.0383893790317, -0.00466512531478
8.6, 1.48712856207, 1.26794983297, 0.0357376211926, -0.00918619514724
8.61, 1.48734847607, 1.26785811831, 0.0031974425188, -0.00343045222794
8.62, 1.48719251092, 1.26788122393, 0.0199866855275, 0.00558418866805
8.63, 1.48774820978, 1.26796980208, 0.0364099468164, 0.0066749789055
8.64, 1.48792070986, 1.2680147235, 0.0235313570106, -0.0069905668289
8.65, 1.48821883692, 1.26782999074, 0.00972530475849, -0.0148050798081
8.66, 1.48811521595, 1.26771862191, 0.0414509347623, 0.00518842357496
8.67, 1.48904785562, 1.26793375921, 0.0627445002432, 0.0104868850812
8.68, 1.48937010596, 1.26792835961, 0.0189586228289, -0.00409736248358
8.69, 1.48942702807, 1.26785181196, 0.00322136981056, -0.00744130957736
8.7, 1.48943453335, 1.26777953342, 0.0325098347814, 0.00206915836273
8.71, 1.49007722477, 1.26789319513, 0.0390229375278, -0.00771404721001
8.72, 1.49021499211, 1.26762525247, 0.00100747125896, -0.0120441065871
8.73, 1.49009737419, 1.267652313, 0.0137762398848, 0.00684628232039
8.74, 1.4904905169, 1.26776217812, 0.00521058237718, 0.00678711878787
8.75, 1.49020158584, 1.26778805538, 0.017597971608, -0.00722029742886
8.76, 1.49084247634, 1.26761777217, 0.0444270659309, -0.0101600002564
8.77, 1.49109012716, 1.26758485537, 0.0621224177489, 0.00119147127297
8.78, 1.49208492469, 1.2676416016, 0.0113654619276, 0.00274337185528
8.79, 1.4913174364, 1.26763972281, -0.0150648269994, 0.00103873464664
8.8, 1.49178362815, 1.26766237629, 0.0500003630382, -0.000795583886404
8.81, 1.49231744366, 1.26762381113, 0.0293955601121, -0.00517212316263
8.82, 1.49237153935, 1.26755893383, 0.0170553124196, -0.00752044512112
8.83, 1.49265854991, 1.26747340223, 0.0195847016741, 0.000101315896417
8.84, 1.49276323339, 1.26756096015, 0.0359857223566, -0.00042817290884
8.85, 1.49337826436, 1.26746483877, 0.0482224947979, -0.00504942757439
8.86, 1.49372768328, 1.26745997159, 0.00937420173742, -0.00154628125711
8.87, 1.49356574839, 1.26743391314, 0.0190399884929, -0.00856069438927
8.88, 1.49410848305, 1.26728875771, 0.0281758142401, -0.00831343756125
8.89, 1.49412926467, 1.26726764439, 0.0128264078954, 0.00526182269116
8.9, 1.49436501121, 1.26739399416, 0.0433777690956, 0.00141557499604
8.91, 1.49499682006, 1.26729595589, 0.0122222804526, 0.00116704868665
8.92, 1.49460945682, 1.26741733513, 0.00667635321117, 0.0105180383474
8.93, 1.49513034712, 1.26750631666, 0.0427876742096, -0.0093779626807
8.94, 1.4954652103, 1.26722977588, 0.0407297803645, -0.00871703979214
8.95, 1.49594494273, 1.26733197586, 0.0134224180564, 0.00295911566189
8.96, 1.49573365866, 1.26728895819, 0.0206455807797, -0.00504371405136
8.97, 1.49635785434, 1.26723110158, 0.0264031385466, -0.0134821870832
8.98, 1.49626172144, 1.26701931445, 0.00170555411263, 6.44756910084e-05
8.99, 1.49639196543, 1.2672323911, 0.0226788760499, 0.0121916613808
9.0, 1.49671529896, 1.26726314768, 0.00143666298417, 0.000976979214129
9.01, 1.49642069869, 1.26725193068, 0.00768719624746, -0.00442435204344
9.02, 1.49686904288, 1.26717466064, 0.0586918733391, -0.00830676060424
9.03, 1.49759453615, 1.26708579547, 0.0579863874836, 0.00348794218769
9.04, 1.49802877063, 1.26724441948, 0.00763899240751, 0.0084188528141
9.05, 1.497747316, 1.26725417253, 0.0263127182186, -0.0111722739046
9.06, 1.498555025, 1.267020974, 0.0682132924718, -0.00920143842238
9.07, 1.49911158185, 1.26707014376, 0.025636380223, 0.00885783226582
9.08, 1.4990677526, 1.26719813065, -0.0201590349138, -0.00346074861109
9.09, 1.49870840115, 1.26700092878, 0.00850363755438, -0.00909446994461
9.1, 1.49923782535, 1.26701624125, 0.0070507176154, 0.000639527713675
9.11, 1.4988494155, 1.26701371934, 0.0307768986796, -0.00228256585785
9.12, 1.49985336332, 1.26697058993, 0.0472767329872, -0.00456568059652
9.13, 1.49979495016, 1.26692240573, -0.00169418383877, 0.0028019874451
9.14, 1.49981947965, 1.26702662968, -0.0169017326906, 0.00406455544069
9.15, 1.49945691551, 1.26700369684, 0.0349781177153, -0.00942389860621
9.16, 1.500519042, 1.26683815171, 0.0469227105711, 0.000303242422084
9.17, 1.50039536972, 1.26700976168, 0.0275151291531, 0.00463796012732
9.18, 1.50106934458, 1.26693091091, 0.0114278873904, -0.010450254688
9.19, 1.50062392747, 1.26680075659, 0.0108961024835, 0.0010179683489
9.2, 1.50128726663, 1.26695127028, 0.0454942465972, 0.00500448339196
9.21, 1.5015338124, 1.26690084626, 0.0213151548567, -0.0110403890123
9.22, 1.50171356973, 1.2667304625, 0.0312879697314, 0.00100403866595
9.23, 1.5021595718, 1.26692092703, 0.0282656851493, 0.00716436507283
9.24, 1.50227888343, 1.2668737498, 0.00827782384755, -0.00586615968604
9.25, 1.50232512827, 1.26680360384, 0.00884515721452, -0.011416834076
9.26, 1.50245578658, 1.26664541312, 0.0423769584075, 0.00302132496907
9.27, 1.50317266744, 1.26686403034, -0.00199660375019, 0.00866399392878
9.28, 1.5024158545, 1.266818693, -0.0119224932117, -0.00882042080796
9.29, 1.50293421758, 1.26668762192, 0.0777749324952, -0.00523671905034
9.3, 1.50397135315, 1.26671395862, 0.0257493328213, 0.00317566002308
9.31, 1.50344920423, 1.26675113512, -0.0171247412032, 0.00606925464803
9.32, 1.50362885833, 1.26683534371, 0.0348872850412, -0.000670807667502
9.33, 1.50414694993, 1.26673771897, 0.0211605470089, -0.00256737797837
9.34, 1.50405206927, 1.26678399615, 0.0130490842918, -0.00502686036417
9.35, 1.50440793162, 1.26663718176, 0.03421792007, -0.00820868985201
9.36, 1.50473642767, 1.26661982235, 0.0232472241632, -0.00382439610542
9.37, 1.5048728761, 1.26656069384, 0.000355068724622, 0.00508142795755
9.38, 1.50474352905, 1.26672145091, 0.0363316685194, -0.00381132655101
9.39, 1.50559950947, 1.26648446731, 0.0320379249305, -0.0110290007176
9.4, 1.50538428754, 1.2665008709, 0.00749980996381, 0.00322137630238
9.41, 1.50574950567, 1.26654889483, 0.0102661218691, 0.00467775460797
9.42, 1.50558960998, 1.26659442599, 0.00599329026975, 0.00417909267284
9.43, 1.50586937148, 1.26663247669, 0.0219960447999, -0.00445345504948
9.44, 1.50602953088, 1.26650535689, 0.0133753327415, 0.000927766066794
9.45, 1.50613687813, 1.26665103201, 0.0385551260131, 0.00212201445813
9.46, 1.5068006334, 1.26654779718, 0.0372338308886, -0.00603938986089
9.47, 1.50688155475, 1.26653024421, -0.00831234586036, -0.00543133386179
9.48, 1.50663438648, 1.2664391705, 0.0045072774713, 0.00295593270907
9.49, 1.5069717003, 1.26658936287, 0.0482554089161, -0.00320438931857
9.5, 1.50759949466, 1.26637508271, 0.0598994365077, -0.00539242351766
9.51, 1.50816968903, 1.2664815144, 0.00513918740311, 0.00178999305813
9.52, 1.50770227841, 1.26641088258, 0.00469427697851, -0.00709983438802
9.53, 1.50826357457, 1.26633951771, 0.0315302837145, 0.00188179052127
9.54, 1.50833288408, 1.26644851839, 0.0323443979513, 5.16594163447e-05
9.55, 1.50891046253, 1.2663405509, 0.0215301258204, 0.00076371616281
9.56, 1.5087634866, 1.26646379271, 0.00183789820786, 0.0032073779952
9.57, 1.50894722049, 1.26640469846, 0.0106906459737, -0.000208065061036
9.58, 1.50897729952, 1.26645963141, 0.0210248529044, -0.0062534958053
9.59, 1.50936771755, 1.26627962854, 0.0674223048102, 0.0012408672701
9.6, 1.51032574561, 1.26648444875, 0.0131129724631, 0.00259782636813
9.61, 1.509629977, 1.26633158507, 0.00186958866769, -0.00697611840036
9.62, 1.51036313739, 1.26634492639, 0.0245003843852, 0.00486087557408
9.63, 1.51011998469, 1.26642880258, 0.0228708355912, -0.00115789728256
9.64, 1.5108205541, 1.26632176844, 0.0277859934454, -0.00349453544956
9.65, 1.51067570456, 1.26635891187, -0.00756460812361, 0.00323153786699
9.66, 1.51066926194, 1.2663863992, -0.0127655728695, -0.00522227637275
9.67, 1.5104203931, 1.26625446634, 0.00101594069222, -0.00514283593875
9.68, 1.51068958075, 1.26628354248, 0.0487940169176, 0.00229469730161
9.69, 1.51139627344, 1.26630036029, 0.0334777813757, 0.00298385673991
9.7, 1.51135913638, 1.26634321961, 0.0131268371369, -0.00841141347568
9.71, 1.51165881018, 1.26613213202, 0.014773800905, -0.00838905199241
9.72, 1.5116546124, 1.26617543857, 0.0124753136144, -0.0002242762004
9.73, 1.51190831645, 1.26612764649, 0.0195201591714, 0.00852246393932
9.74, 1.51204501558, 1.26634588785, 0.0569831544909, 0.00439511370213
9.75, 1.51304797954, 1.26621554877, 0.0184358641516, -0.0128587437221
9.76, 1.51241373286, 1.26608871298, 0.0110417829173, -0.00491181224075
9.77, 1.5132688152, 1.26611731252, 0.0376684511072, 0.00255661398998
9.78, 1.51316710188, 1.26613984526, 0.0014980315915, 0.00228288027688
9.79, 1.51329877583, 1.26616297013, 0.010537083681, 2.04983652274e-07
9.8, 1.51337784356, 1.26613984936, -0.014948474599, 0.000518533547278
9.81, 1.51299980634, 1.2661733408, 0.0166232221331, -0.00804844006489
9.82, 1.513710308, 1.26597888056, 0.0383296023068, 0.00653884259814
9.83, 1.51376639839, 1.26630411765, 0.0318992251903, 0.0118406696216
9.84, 1.5143482925, 1.26621569395, 0.0133114794367, -0.00411090884289
9.85, 1.51403262798, 1.26622189948, 0.00203021898108, -0.00408273127274
9.86, 1.51438889688, 1.26613403932, 0.0419051776072, -0.00863057834447
9.87, 1.51487073153, 1.26604928791, -0.00358900275601, -0.00310457724318
9.88, 1.51431711683, 1.26607194778, 0.00562855239697, 0.00394524461534
9.89, 1.51498330258, 1.2661281928, 0.0559282670295, -0.000108054346937
9.9, 1.51543568217, 1.26606978669, -0.00937771113694, -0.00183208423226
9.91, 1.51479574835, 1.26609155112, 0.0107771708336, -0.00138367357838
9.92, 1.51565122559, 1.26604211322, 0.0256069205931, -0.00171272108309
9.93, 1.51530788677, 1.26605729669, 0.0176285853432, 0.00340493858968
9.94, 1.51600379729, 1.26611021199, 0.0496533057514, 0.00216870788193
9.95, 1.51630095288, 1.26610067085, -0.00962446286129, -0.010607495023
9.96, 1.51581130804, 1.26589806209, -0.00352427773872, 0.00208571005736
9.97, 1.51623046733, 1.26614238505, 0.0522373488708, 0.00837025050863
9.98, 1.51685605501, 1.2660654671, 0.0292968570447, -0.0139453727874
9.99, 1.51681640447, 1.2658634776, -0.00396505467279, -0.0201989503616
