T, A, V, D_A, D_V
0.0, 2.00275076146, 2.09659323127, 1.74919037367, 10.6054222668
0.01, 2.02024266519, 2.20264745393, 4.41606323946, -19.8573327892
0.02, 2.09107202624, 1.69944657548, 0.293719254807, -16.3635850644
0.03, 2.02611705029, 1.87537575265, 2.15984246419, 5.31238168036
0.04, 2.13426887553, 1.80569420909, 2.05947045317, -22.3439674202
0.05, 2.06730645935, 1.42849640424, -2.00767429079, -12.0351723753
0.06, 2.09411538971, 1.56499076158, 1.81148031234, -6.36266564125
0.07, 2.1035360656, 1.30124309142, -0.406378014035, -11.9821497311
0.08, 2.08598782943, 1.32534776696, 1.50002432594, -9.45360046621
0.09, 2.13353655212, 1.11217108209, 3.51892168076, -21.5680127238
0.1, 2.15636626305, 0.893987512485, 0.544111887557, 6.27080264628
0.11, 2.14441878987, 1.23758713502, 3.05282191159, 9.61635750811
0.12, 2.21742270128, 1.08631466265, 2.72772513923, -21.0091804713
0.13, 2.19897329265, 0.817403525592, 0.320879027643, -22.1917602167
0.14, 2.22384028183, 0.642479458313, -0.0729536790855, 1.61375845242
0.15, 2.19751421907, 0.849678694641, -1.64871133847, 3.70959575793
0.16, 2.19086605506, 0.716671373472, -0.19970010709, -14.5002939499
0.17, 2.19352021693, 0.559672815643, 1.84759791858, -14.5688837097
0.18, 2.22781801343, 0.425293699278, 2.04041546663, -9.93219962858
0.19, 2.23432852626, 0.361028823072, 0.0769526383405, -3.38939881564
0.2, 2.2293570662, 0.357505722965, -0.577092748203, -2.26249908629
0.21, 2.2227866713, 0.315778841346, -0.471746367901, -6.43634473863
0.22, 2.21992213884, 0.228778828193, 2.66823222984, -1.72091899399
0.23, 2.27615131589, 0.281360461466, 0.223989801081, -7.67855570325
0.24, 2.22440193486, 0.0752077141275, -2.84240816442, -17.4836151303
0.25, 2.21930315261, -0.0683118411404, 0.425744897461, -7.35733456019
0.26, 2.23291683281, -0.0719389770762, -0.476820206332, 3.09476733164
0.27, 2.20976674848, -0.00641649450753, -0.973009105933, -21.2526453675
0.28, 2.21345665069, -0.496991884426, 0.566455528092, -21.1328539226
0.29, 2.22109585904, -0.42907357296, 1.93960967656, 20.0765338352
0.3, 2.25224884423, -0.0954612077229, 0.322654692902, 2.23442211919
0.31, 2.2275489529, -0.384385130576, 1.52908231885, -38.7162818118
0.32, 2.2828304906, -0.869786843958, -0.600072676674, -2.05374667603
0.33, 2.21554749937, -0.425460064097, -5.30589469301, -4.08029827059
0.34, 2.17671259674, -0.95139280937, 0.928931462038, -26.0604699159
0.35, 2.23412612861, -0.946669462414, 0.777206423526, -2.26462775501
0.36, 2.19225672521, -0.99668536447, -3.50893359827, 1.69096630918
0.37, 2.16394745664, -0.912850136231, -0.544484258515, 1.49799229118
0.38, 2.18136704004, -0.966725518647, 0.149996280216, -14.4098903635
0.39, 2.16694738225, -1.2010479435, -1.00300243413, -7.40837653804
0.4, 2.16130699136, -1.11489304941, -1.18073069084, 0.291743483412
0.41, 2.14333276843, -1.19521307383, -2.3239968756, -12.9080969226
0.42, 2.11482705385, -1.37305498786, -0.980335314409, -12.9798471659
0.43, 2.12372606214, -1.45481001715, -2.50348995721, -7.24920502417
0.44, 2.0647572547, -1.51803908834, -4.75426794021, -10.2409300507
0.45, 2.02864070334, -1.65962861816, 0.633058141422, -8.61962236777
0.46, 2.07741841753, -1.6904315357, -0.874520718869, -10.0746614026
0.47, 2.01115028896, -1.86112184622, -3.15775457177, -16.8866504046
0.48, 2.0142633261, -2.02816454379, 0.335218302466, -20.4790518162
0.49, 2.01785465501, -2.27070288254, -1.7886002732, -0.525530531824
0.5, 1.97849132063, -2.03867515443, -4.05760351694, 7.36448293487
0.51, 1.93670258467, -2.12341322384, -1.72253442997, -11.0978871426
0.52, 1.94404063203, -2.26063289728, -0.639997272296, -13.2714086009
0.53, 1.92390263922, -2.38884139586, -3.32309094029, 4.84475744669
0.54, 1.87757881323, -2.16373774834, -3.78549085617, -1.09447993909
0.55, 1.8481928221, -2.41073099464, -2.65174623857, -19.704710749
0.56, 1.82454388846, -2.55783196332, -2.45335842661, -18.9167532467
0.57, 1.79912565357, -2.78906605958, 1.58004374006, -8.58588557709
0.58, 1.85614476326, -2.72954967487, -2.94647250725, -11.17711726
0.59, 1.74019620342, -3.01260840478, -5.9364550225, -14.3255017144
0.6, 1.73741566281, -3.01605970916, -2.10309686556, -3.85889390048
0.61, 1.69813426611, -3.08978628279, -1.87599435203, -17.544273265
0.62, 1.69989577577, -3.36694517446, -3.34883577035, -14.2167820329
0.63, 1.63115755071, -3.37412192345, -6.39798264514, -5.33289077359
0.64, 1.57193612286, -3.47360298993, -2.6576674519, -3.42008973235
0.65, 1.57800420167, -3.44252371809, -0.910132896382, -16.8330499693
0.66, 1.55373346494, -3.81026398931, -1.39825017942, -3.88179196363
0.67, 1.55003919808, -3.52015955737, -5.71063247329, -1.95908486816
0.68, 1.43952081547, -3.84944568668, -6.10976345757, -20.8931818362
0.69, 1.42784392893, -3.93802319409, -2.52095725469, -1.28788714692
0.7, 1.38910167038, -3.87520342961, -3.6960221455, -6.23807386595
0.71, 1.35392348602, -4.06278467141, -4.63429622066, -20.8905400076
0.72, 1.29641574596, -4.29301422977, -3.53064830098, -9.05532735297
0.73, 1.28331052, -4.24389121847, -5.28255246508, -2.17122407073
0.74, 1.19076469666, -4.33643871118, -7.19707904525, -17.6875367995
0.75, 1.13936893909, -4.59764195446, -6.16152901045, -9.62405811791
0.76, 1.06753411645, -4.52891987354, -2.53574532189, -5.81255062042
0.77, 1.08865403266, -4.71389296687, -3.21200780852, -3.20367126594
0.78, 1.00329396028, -4.59299329886, -4.20175505856, 3.68870396157
0.79, 1.00461893148, -4.64011888763, -3.88985215217, -9.00332866335
0.8, 0.925496917239, -4.77305987213, -5.88359120023, -15.6026933869
0.81, 0.886947107479, -4.95217275537, -6.18653130016, -1.47714012232
0.82, 0.801766291236, -4.80260267457, -5.42477080357, -4.51493088643
0.83, 0.778451691408, -5.0424713731, -2.51273446576, -7.26991646084
0.84, 0.751511601921, -4.94800100379, -4.16850200514, 0.0648764714475
0.85, 0.695081651305, -5.04117384367, -5.64780997357, -18.3861971502
0.86, 0.638555402449, -5.31572494679, -5.47618474403, -12.5148138789
0.87, 0.585557956425, -5.29147012125, -6.96585693021, -12.7764291547
0.88, 0.499238263845, -5.57125352989, -7.47653279427, -16.0715227284
0.89, 0.436027300539, -5.61290057582, -1.61978486081, 6.15307119381
0.9, 0.466842566629, -5.44819210601, -5.26656414631, -2.74309142265
0.91, 0.330696017613, -5.66776240427, -9.56533653827, -5.36292790656
0.92, 0.275535835863, -5.55545066414, -4.7456414191, -2.37447629965
0.93, 0.235783189231, -5.71525193027, -4.3899957583, 0.401766759273
0.94, 0.187735920697, -5.54741532896, -4.17207493895, 1.79619344413
0.95, 0.152341690452, -5.67932806138, -4.00039343807, 1.8689983403
0.96, 0.107728051936, -5.51003536215, -8.59446539461, 5.43045422932
0.97, -0.0195476174401, -5.5707189768, -9.01811420974, 5.49792930279
0.98, -0.0726342322588, -5.4000767761, -1.01507346332, -4.72893284652
0.99, -0.0398490867064, -5.66529763373, -5.40197517363, 6.43473012771
1.0, -0.180673735731, -5.27138217354, -7.79816237698, -1.26141778429
1.01, -0.195812334246, -5.69052598941, -4.69926185014, -20.6954306189
1.02, -0.274658972734, -5.68529078592, -4.42397922388, 6.87381881686
1.03, -0.284291918724, -5.55304961307, -2.60000134806, 6.71090795588
1.04, -0.326658999696, -5.5510726268, -5.56212438822, -0.793522444209
1.05, -0.395534406488, -5.56892006196, -8.10662482852, 12.5003123771
1.06, -0.488791496266, -5.30106637926, -6.44936476502, 12.0109313751
1.07, -0.524521701789, -5.32870143446, -5.53895206045, -10.0879659965
1.08, -0.599570537475, -5.50282569919, -5.31272692782, 0.767664189657
1.09, -0.630776240345, -5.31334815066, -4.66046179969, 18.3138024851
1.1, -0.692779773469, -5.13654964949, -4.13856738466, 5.19314615766
1.11, -0.713547588038, -5.20948522751, -5.24524951429, -2.90356122985
1.12, -0.797684763755, -5.19462087409, -5.28990295481, 4.29527689307
1.13, -0.819345647134, -5.12357968965, -4.98635927346, 11.6734582706
1.14, -0.897411949224, -4.96115170867, -5.38168645645, 10.7581364032
1.15, -0.926979376263, -4.90841696159, -6.04559705671, 10.6198460351
1.16, -1.01832389036, -4.74875478797, -2.66922701163, 11.7062466181
1.17, -0.980363916496, -4.67429202922, -2.63242347791, 18.6200177533
1.18, -1.07097235992, -4.3763544329, -9.49364477875, 11.814207846
1.19, -1.17023681207, -4.4380078723, -9.1847045725, -7.61845788479
1.2, -1.25466645137, -4.5287235906, -0.88561305784, 10.8050675237
1.21, -1.18794907323, -4.22190652183, -1.37273533842, 5.61385521958
1.22, -1.28212115813, -4.41644648621, -5.47820440621, 0.0379708317714
1.23, -1.29751316135, -4.2211471052, -0.980390259233, 21.0663672277
1.24, -1.30172896332, -3.99511914166, -1.71008827036, 20.250977905
1.25, -1.33171492676, -3.81612754709, -5.85025365552, 15.2530382859
1.26, -1.41873403643, -3.69005837594, -7.89349967657, 2.22561204155
1.27, -1.48958492029, -3.77161530626, -6.04646053945, -9.30017963809
1.28, -1.53966324722, -3.8760619687, -1.14934256136, 4.20245694572
1.29, -1.51257177152, -3.68756616735, -1.67975806398, 7.65664780982
1.3, -1.5732584085, -3.7229290125, -6.76737845743, 3.79122092514
1.31, -1.64791934067, -3.61174174885, -2.76826517433, 31.7860283278
1.32, -1.62862371198, -3.08720844595, -1.13229928924, 27.022233299
1.33, -1.67056532645, -3.07129708287, -1.95365662569, -2.95584077911
1.34, -1.6676968445, -3.14632526153, -2.31998677589, 7.52805499826
1.35, -1.71696506197, -2.9207359829, -5.41162525986, 7.13482341397
1.36, -1.7759293497, -3.00362879325, -5.8999506233, 5.52668180097
1.37, -1.83496407443, -2.81020234688, -0.875655650942, 11.2564589081
1.38, -1.79344246271, -2.77849961509, 0.848309354139, 0.322279025499
1.39, -1.81799788735, -2.80375676637, -5.5435850472, -0.169190312535
1.4, -1.90431416366, -2.78188342134, -3.70462397731, 14.7248333747
1.41, -1.8920903669, -2.50926009888, 0.474240895821, 20.6469534724
1.42, -1.89482934574, -2.36894435189, -2.32323300973, 10.6718752882
1.43, -1.93855502709, -2.29582259311, -5.91602379589, 25.1183455043
1.44, -2.01314982166, -1.86657744181, -0.4461042713, 23.0377793259
1.45, -1.94747711252, -1.8350670066, 1.02667102346, -7.42354463844
1.46, -1.99261640119, -2.01504833457, -5.77003148873, -5.75755707945
1.47, -2.06287774229, -1.95021814819, -3.61882831226, 3.10113333937
1.48, -2.06499296744, -1.95302566779, -1.58478670252, 11.4261528462
1.49, -2.09457347634, -1.72169509126, 0.0543235131562, 27.6942838327
1.5, -2.06390649717, -1.39913999113, 0.902413958942, 17.4939908024
1.51, -2.07652519716, -1.37181527522, -1.45616404473, 2.12819018489
1.52, -2.09302977807, -1.35657618744, -3.99325491517, -2.92775611359
1.53, -2.15639029547, -1.43037039749, -1.94772826441, 2.0488480837
1.54, -2.13198434336, -1.31559922576, 1.68294332333, 9.78199532788
1.55, -2.122731429, -1.23473049093, -0.505914574579, 2.84916276602
1.56, -2.14210263485, -1.25861597044, 0.582918774003, 12.5343005365
1.57, -2.11107305352, -0.9840444802, 0.597414402576, 15.4469996008
1.58, -2.1301543468, -0.949675978424, -3.71741119162, 13.0983556874
1.59, -2.18542127735, -0.722077366451, -5.33200484902, -0.640572430164
1.6, -2.23679444378, -0.962487427028, -1.84107555781, -7.99916683503
1.61, -2.22224278851, -0.882060703152, 0.940968511604, 4.22965607885
1.62, -2.21797507354, -0.87789430545, 2.44822986565, 17.0147096013
1.63, -2.1732781912, -0.541766511126, -0.919265071557, 22.1786881689
1.64, -2.23636037498, -0.434320542073, -3.10274045807, 9.15080288212
1.65, -2.23533300036, -0.358750453484, 0.493743365312, 9.24392945298
1.66, -2.22648550767, -0.249441953014, 1.29759644379, 10.8960232441
1.67, -2.20938107148, -0.140829988601, -0.926733273023, 2.8519376068
1.68, -2.24502017313, -0.192403200878, 0.152767213362, 2.42145672292
1.69, -2.20632572722, -0.0924008541422, 0.737979463181, 10.3019150919
1.7, -2.23026058387, 0.0136351009611, -1.32299124738, 1.89370283459
1.71, -2.23278555216, -0.0545267974503, -1.40450272276, -2.30560900221
1.72, -2.25835063832, -0.0324770790832, 1.24219350066, 14.1090073861
1.73, -2.20794168215, 0.227653350272, 2.07162987158, 8.14693858396
1.74, -2.21691804089, 0.130461692596, -2.42927644663, 13.8357138396
1.75, -2.25652721108, 0.504367627064, 0.529535588664, 9.01391697339
1.76, -2.20632732912, 0.310740032064, 0.552994182367, -13.5929378503
1.77, -2.24546732744, 0.232508870058, -1.11938620427, 16.2067364316
1.78, -2.2287150532, 0.634874760695, 1.76302750019, 21.6061358837
1.79, -2.21020677743, 0.664631587732, 1.07322283704, 8.1956889624
1.8, -2.20725059646, 0.798788539943, -1.13166249469, 14.6608278086
1.81, -2.23284002733, 0.957848143905, -0.127178012259, 21.1181238583
1.82, -2.20979415671, 1.22115101711, 2.37388834536, -1.62264943628
1.83, -2.18536226042, 0.925395155179, 1.5884424144, -5.1620929059
1.84, -2.17802530842, 1.11790915899, 1.72141690864, 25.4330664441
1.85, -2.15093392225, 1.43405648406, 0.526830057038, 0.996771296212
1.86, -2.16748870728, 1.13784458491, 0.71867531086, -14.3088791542
1.87, -2.13656041603, 1.14787890098, 3.67162925057, 7.57810464895
1.88, -2.09405612227, 1.28940667789, 3.52808039671, 10.0661353004
1.89, -2.06599880809, 1.34920160699, 0.971673591579, 13.5548030457
1.9, -2.07462265043, 1.56050273881, 1.8724454973, 13.4766414257
1.91, -2.02854989815, 1.6187344355, -0.0877136813783, 8.34483444716
1.92, -2.07637692406, 1.72739942775, 1.58723462092, 12.9417504635
1.93, -1.99680520573, 1.87756944477, 1.37075911836, 10.6867237197
1.94, -2.04896174169, 1.94113390215, 0.0622348841748, 12.7129188322
1.95, -1.99556050805, 2.13182782141, 5.24326496593, -4.61982365842
1.96, -1.94409644238, 1.84873742898, 0.395358264321, 6.19812091619
1.97, -1.98765334276, 2.25579023974, 0.62947856011, 17.3400502462
1.98, -1.93150687117, 2.1955384339, 4.8155233698, -3.06073166574
1.99, -1.89134287536, 2.19457560642, 3.44997433152, 16.7930029405
2.0, -1.86250738454, 2.53139849271, 3.11858713869, 18.5411150923
2.01, -1.82897113259, 2.56539790827, 2.85879316709, 4.03157355329
2.02, -1.8053315212, 2.61202996378, 2.51035458344, 3.23769194539
2.03, -1.77876404092, 2.63015174718, 1.94416520524, 8.72477783305
2.04, -1.7664482171, 2.78652552044, 2.78358507143, 13.8801085786
2.05, -1.72309233949, 2.90775391875, -0.255834560617, 13.8214062472
2.06, -1.77156490831, 3.06295364538, 2.23616764684, 12.0792377618
2.07, -1.67836898656, 3.14933867398, 6.15013478904, 11.53888608
2.08, -1.64856221253, 3.29373136698, 2.06218871649, 10.6928292379
2.09, -1.63712521223, 3.36319525874, 2.57792225743, 6.1512501244
2.1, -1.59700376738, 3.41675636947, 3.11271343567, -1.25846987284
2.11, -1.57487094351, 3.33802586129, 4.89645624872, 9.36037334317
2.12, -1.49907464241, 3.60396383633, 4.65355543515, 10.8769816448
2.13, -1.48179983481, 3.55556549418, 2.58053531156, 16.1781265384
2.14, -1.44746393617, 3.9275263671, 3.10241711405, 18.9516569478
2.15, -1.41975149253, 3.93459863314, 4.57825093381, 6.62471418788
2.16, -1.3558989175, 4.06002065086, 4.87999511956, 12.0115123334
2.17, -1.32215159014, 4.17482887981, 4.65859029125, 8.42545087861
2.18, -1.26272711167, 4.22852966843, 5.89957723437, 4.77236132644
2.19, -1.20416004545, 4.27027610634, 3.60725115323, 4.96968326828
2.2, -1.19058208861, 4.3279233338, 1.97819437546, 13.6515996937
2.21, -1.16459615794, 4.54330810021, 4.35679561233, 4.22945995174
2.22, -1.10344617636, 4.41251253283, 5.48203551953, -1.57449802139
2.23, -1.05495544755, 4.51181813978, 6.89722642499, 13.5250699796
2.24, -0.965501647862, 4.68301393243, 4.84834799792, 13.0936127714
2.25, -0.957988487592, 4.77369039521, 1.82616350771, 7.54740867346
2.26, -0.928978377708, 4.83396210589, 4.25984668268, 13.1450636101
2.27, -0.872791553939, 5.03659166741, 5.53041946709, 9.31779629596
2.28, -0.818369988367, 5.02031803181, 4.31259338764, 11.1067553748
2.29, -0.786539686186, 5.25872677491, 2.02952580643, 10.9734714911
2.3, -0.777779472238, 5.23978746164, 6.75155902453, -6.22275914725
2.31, -0.651508505695, 5.13427159196, 6.86437318192, -1.14135317889
2.32, -0.6404920086, 5.21696039806, 5.94393929341, 19.1182370132
2.33, -0.532629719827, 5.51663633223, 8.35414591788, 7.41705967085
2.34, -0.473409090242, 5.36530159147, 4.9791262798, -8.86183034738
2.35, -0.433047194231, 5.33939972528, 2.69085292808, 12.8298643816
2.36, -0.41959203168, 5.62189887911, 7.44914609557, 14.8511490528
2.37, -0.28406427232, 5.63642270633, 5.9459749327, -6.63354356604
2.38, -0.300672533026, 5.48922800779, 2.20704398985, -11.01453365
2.39, -0.239923392523, 5.41613203333, 6.03847371731, 8.51369978482
2.4, -0.17990305868, 5.65950200348, 5.94223724161, 9.55358617607
2.41, -0.12107864769, 5.60720375686, 5.08831672296, 1.25807683973
2.42, -0.078136724221, 5.68466354028, 4.20007127718, -1.71739455864
2.43, -0.0370772221468, 5.57285586568, 6.85498181157, -11.7307923693
2.44, 0.0589629120104, 5.45004769289, 5.40313981768, 6.13076383736
2.45, 0.0709855742067, 5.69547114243, 3.35974533451, 2.1567018328
2.46, 0.126157818701, 5.49318172955, 6.90951912672, -13.3878198814
2.47, 0.209175956741, 5.4277147448, 5.0304012684, -2.50730649918
2.48, 0.226765844069, 5.44303559956, 7.45577229127, -6.81283624681
2.49, 0.358291402567, 5.29145801987, 7.85714017148, 5.54101532829
2.5, 0.383908647498, 5.55385590613, 4.14141068282, 6.42117477987
2.51, 0.441119616223, 5.41988151546, 4.74309827825, -11.5550824551
2.52, 0.478770613063, 5.32275425703, 4.49061988796, -2.63998854585
2.53, 0.530932013982, 5.36708174455, 5.93093460394, -16.9229069474
2.54, 0.597389305142, 4.98429611808, 6.6097616393, -6.17789085509
2.55, 0.663127246768, 5.24352392744, 7.78455098536, 5.1157341928
2.56, 0.753080324849, 5.08661080193, 3.85978108358, -3.00677241249
2.57, 0.74032286844, 5.18338847919, 3.51864688951, -1.61896124783
2.58, 0.82345326264, 5.05423157698, 7.76598680726, -15.2284077221
2.59, 0.895642604585, 4.87882032475, 5.34321877889, -19.8445549409
2.6, 0.930317638217, 4.65734047816, 2.47178522035, -10.1892324194
2.61, 0.945078308992, 4.67503567636, 5.70959353317, 5.0496068936
2.62, 1.04450950888, 4.75833261603, 3.33049307737, 3.30803266115
2.63, 1.01168817054, 4.74119632959, 2.45932970045, 1.46114830694
2.64, 1.09369610289, 4.78755558217, 4.41885516285, -19.2769053198
2.65, 1.1000652738, 4.35565822319, 5.60903473615, -18.5313795058
2.66, 1.20587679761, 4.41692799206, 7.83882660315, 0.214862207115
2.67, 1.25684180586, 4.35995546733, 1.22434457939, -12.5705364135
2.68, 1.2303636892, 4.16551726378, 3.87740009424, -19.8059956869
2.69, 1.33438980774, 3.9638355536, 5.88475650223, -4.63952297378
2.7, 1.34805881925, 4.07272680431, 1.96730306857, -1.66355949012
2.71, 1.37373586912, 3.93056436379, 3.22659958874, -13.0171219483
2.72, 1.41259081102, 3.81238436534, 4.40880462447, -14.7014378045
2.73, 1.4619119616, 3.6365356077, 4.801562758, -4.70461901412
2.74, 1.50862206618, 3.71829198506, 5.22239771481, 4.37647855571
2.75, 1.5663599159, 3.72406517882, 2.33422391933, -8.96586341015
2.76, 1.55530654457, 3.53897471686, 4.39187472143, -24.1763487836
2.77, 1.65419741033, 3.24053820315, 3.6825318312, -6.11822633833
2.78, 1.62895718119, 3.41661019009, 4.60786218512, -5.98554177368
2.79, 1.74635465403, 3.12082736767, 2.07190425786, -25.2825482127
2.8, 1.67039526635, 2.91095922584, 0.961629854227, -8.26929411022
2.81, 1.76558725112, 2.95544148547, 4.84862005882, -11.2794137017
2.82, 1.76736766752, 2.6853709518, 3.36458275847, -8.26004250527
2.83, 1.83287890629, 2.79024063536, 1.67111901848, -6.02890054144
2.84, 1.80079004789, 2.56479294098, 3.2041068014, -23.0365642073
2.85, 1.89696104231, 2.32950935122, 5.48330730463, 2.35717825565
2.86, 1.91045619399, 2.61193650609, 1.47820708718, 12.1875341179
2.87, 1.92652518406, 2.57326003357, 0.704535834759, -18.6239466956
2.88, 1.92454691068, 2.23945757218, 0.978425482318, -11.5951440078
2.89, 1.9460936937, 2.34135715342, 4.44949851612, -5.76766542294
2.9, 2.013536881, 2.12410426372, 5.64800706309, -15.7092511841
2.91, 2.05905383497, 2.02717212974, 1.41579571448, -5.82114742418
2.92, 2.04185279529, 2.00768131523, -1.74823450373, -16.1797111951
2.93, 2.02408914489, 1.70357790584, 0.181766422709, -12.9930552864
2.94, 2.04548812375, 1.74782020951, 2.21064396223, -2.32858558759
2.95, 2.06830202414, 1.65700619408, 0.773368425652, -7.86344271297
2.96, 2.06095549226, 1.59055135525, 2.98664662812, -0.233761864554
2.97, 2.1280349567, 1.65233095679, 4.40745894181, 4.02012491957
2.98, 2.1491046711, 1.67095385364, -0.7305805025, -14.2645801142
2.99, 2.11342334665, 1.36703935451, -3.04893534639, -35.9951953913
3.0, 2.08812596417, 0.951049945811, 1.03601652608, -11.2890025451
3.01, 2.13414367717, 1.14125930361, 5.11728477755, 2.43570673579
3.02, 2.19047165972, 0.999764080527, 1.59907989464, -8.14569907827
3.03, 2.16612527506, 0.978345322043, -0.0204033187758, 3.13221708442
3.04, 2.19006359334, 1.06240842221, 2.72988338399, -5.85545316807
3.05, 2.22072294274, 0.861236258682, 0.446955313175, -8.85143439564
3.06, 2.19900269961, 0.885379734302, -2.07082417571, -13.2833015816
3.07, 2.17930645923, 0.595570227051, 1.86844747948, -1.56410370249
3.08, 2.2363716492, 0.854097660252, 2.95582420763, -2.25258714386
3.09, 2.23842294338, 0.550518484174, -1.29764188583, -21.6190077849
3.1, 2.21041881148, 0.421717504555, 2.115627412, 4.51237638976
3.11, 2.28073549162, 0.640766011969, 0.282619344049, -3.04677832024
3.12, 2.21607119836, 0.36078193815, -3.15805783177, -12.3897508913
3.13, 2.21757433499, 0.392970994142, 1.70792036908, -12.3494261931
3.14, 2.25022960574, 0.113793414288, 2.91704672833, -20.4472131284
3.15, 2.27591526955, -0.0159732684259, -1.8470547438, -6.08319744617
3.16, 2.21328851087, -0.00787053463538, -1.24692422254, -2.12563206665
3.17, 2.2509767851, -0.058485909759, 1.38340369564, -3.65961994991
3.18, 2.24095658478, -0.0810629336337, 1.40689735455, 3.83678239152
3.19, 2.27911473219, 0.0182497380714, -2.5832237307, -19.0743972421
3.2, 2.18929211017, -0.462550878476, -3.82622598538, -11.6689642752
3.21, 2.20259021248, -0.215129547433, 0.825403946756, 4.67371501083
3.22, 2.2058001891, -0.36907657826, 0.759509190243, -19.808875369
3.23, 2.21778039629, -0.611307054812, -0.25938660138, -25.3145823878
3.24, 2.20061245707, -0.875368226016, -1.78289792034, -4.38255806548
3.25, 2.18212243788, -0.698958216122, 1.30117677691, 7.54365843829
3.26, 2.22663599261, -0.724495057251, 2.480986904, -12.3352106783
3.27, 2.23174217596, -0.945662429688, 0.0808251824086, -10.6680063974
3.28, 2.22825249626, -0.937855185198, -4.16363974048, 8.09887211392
3.29, 2.14846938115, -0.78368498741, -2.97504258641, -7.40994664816
3.3, 2.16875164453, -1.08605411816, -0.741593308052, -17.7861849138
3.31, 2.13363751499, -1.13940868569, 0.155816262873, -11.1991920273
3.32, 2.17186796979, -1.31003795871, 1.56308462777, -3.79687259855
3.33, 2.16489920755, -1.21534613766, -0.556791466573, -4.58910483922
3.34, 2.16073214046, -1.40182005549, -1.67923948081, -11.5523610233
3.35, 2.13131441793, -1.44639335812, -4.70231660141, -14.9230239741
3.36, 2.06668580843, -1.70028053497, -3.92921840578, -2.47225302251
3.37, 2.05273004982, -1.49583841857, -0.271664154485, -11.0953257502
3.38, 2.06125252534, -1.92218704998, 1.27950295655, -6.49747278569
3.39, 2.07832010895, -1.62578787429, -1.82122383048, -7.91126484322
3.4, 2.02482804873, -2.08041234684, -4.6902795015, -30.7402838122
3.41, 1.98451451892, -2.24059355053, -1.61506498428, -3.67461954018
3.42, 1.99252674905, -2.15390473765, -2.18185828, 0.126199860191
3.43, 1.94087735332, -2.23806955333, -2.52610882394, 1.22550606829
3.44, 1.94200457257, -2.12939461628, 0.389124628689, -11.7261424676
3.45, 1.94865984589, -2.47259240268, -3.52650468363, -14.202357207
3.46, 1.87147447889, -2.41344176042, -4.7870959668, 12.499115901
3.47, 1.85291792655, -2.22261008466, -2.34868628604, -13.4667117448
3.48, 1.82450075317, -2.68277599532, -2.83552389943, -19.836252744
3.49, 1.79620744857, -2.61933513954, -1.95686875293, -12.6401372377
3.5, 1.78536337811, -2.93557874007, -1.93733029406, -16.2967139339
3.51, 1.75746084268, -2.94526941822, -1.78246301867, -10.5702552574
3.52, 1.74971411774, -3.14698384522, -3.37009833248, -23.2823212542
3.53, 1.69005887603, -3.4109158433, -5.64765378768, -4.91459496831
3.54, 1.63676104199, -3.24527574459, -3.23297351816, 0.984166641046
3.55, 1.62539940567, -3.39123251048, -3.19755437881, -15.7875634629
3.56, 1.57280995441, -3.56102701384, -3.93642194393, -17.9859637187
3.57, 1.54667096679, -3.75095178485, -2.20198120691, -1.54455630471
3.58, 1.52877033027, -3.59191813994, -5.60796706884, -14.5859479413
3.59, 1.43451162542, -4.04267074368, -2.55469430633, -13.4816704125
3.6, 1.47767644415, -3.86155154819, -1.87688116035, 9.52942090086
3.61, 1.39697400221, -3.85208232566, -3.32540945685, -7.01949325095
3.62, 1.41116825501, -4.00194141321, -4.11635339095, -11.7556404158
3.63, 1.31464693439, -4.08719513398, -7.53286219307, -8.91429554296
3.64, 1.26051101115, -4.18022732406, -4.17048017463, -14.7177008943
3.65, 1.2312373309, -4.38154915186, -2.56038505692, -17.5208492535
3.66, 1.20930331001, -4.53064430913, -3.95423485767, -5.43041564654
3.67, 1.15215263374, -4.49015746479, -5.10471341276, 2.72140032808
3.68, 1.10720904175, -4.47621630257, -4.63301752824, -14.1584485065
3.69, 1.05949228318, -4.77332643492, -5.03559602261, -13.8564547447
3.7, 1.0064971213, -4.75334539747, -5.90803278957, -9.96733844399
3.71, 0.941331627388, -4.9726732038, -6.62112775021, 2.40960702899
3.72, 0.874074566298, -4.70515325689, -2.823980842, -0.959461380953
3.73, 0.884852010548, -4.99186243142, -4.09416168499, -15.7017651893
3.74, 0.792191332598, -5.01918856067, -5.06021166711, -1.37538511186
3.75, 0.783647777206, -5.01937013366, -4.72472720862, -10.9934295418
3.76, 0.697696788426, -5.23905715151, -6.86872096661, -5.87881551478
3.77, 0.646273357873, -5.13694644396, -4.54262966867, -1.11926670643
3.78, 0.606844195053, -5.26144248564, -5.93155066421, -16.575722376
3.79, 0.527642344589, -5.46846089148, -6.29029189276, -5.93060315952
3.8, 0.481038357197, -5.38005454883, -6.06419463075, 14.3003186322
3.81, 0.406358451974, -5.18245451883, -5.1138784148, -6.73126412816
3.82, 0.378760788901, -5.51467983139, -3.75745829952, -24.2801727156
3.83, 0.331209285984, -5.66805797314, -5.81819539444, -11.9888042331
3.84, 0.262396881013, -5.75445591605, -5.97723816175, 1.80758094804
3.85, 0.211664522749, -5.63190635418, -5.70265691835, 8.04512514894
3.86, 0.148343742646, -5.59355341307, -3.91452294939, -6.4221975325
3.87, 0.133374063761, -5.76035030483, -4.11404882615, 2.7985621143
3.88, 0.0660627661227, -5.53758217079, -8.90061970819, 9.27434406599
3.89, -0.0446383304029, -5.57486342351, -4.97625267827, -8.1235131816
3.9, -0.0334622874426, -5.70005243442, -6.06871365054, 1.12157536786
3.91, -0.166012603414, -5.55243191616, -6.32300450235, 6.40250447052
3.92, -0.15992237749, -5.57200234501, -4.70403344293, -0.0753206522595
3.93, -0.260093272272, -5.5539383292, -6.93487283791, -0.741484121178
3.94, -0.298619834248, -5.58683202743, -4.40146734842, 11.3739027993
3.95, -0.348122619241, -5.32646027321, -2.42389824823, 6.47518076585
3.96, -0.347097799212, -5.45732841211, -5.53051214709, -7.40674506574
3.97, -0.458732862182, -5.47459517453, -7.91897289391, 9.68727755163
3.98, -0.505477257091, -5.26358286108, -6.31031330541, 4.28075113987
3.99, -0.584939128291, -5.38898015173, -8.46896916472, -2.35906071008
4.0, -0.674856640385, -5.31076407528, -3.95017207242, 3.07282635253
4.01, -0.663942569739, -5.32752362468, -0.848151778715, 9.82730764796
4.02, -0.691819675959, -5.11421792232, -5.31008252467, 10.3838597541
4.03, -0.770144220233, -5.1198464296, -4.53352111775, 4.35968359508
4.04, -0.782490098314, -5.02702425042, -4.87982241105, 7.82165932004
4.05, -0.867740668454, -4.9634132432, -9.20617688118, 3.4496390145
4.06, -0.966613635938, -4.95803147013, -3.40988669361, 13.0044826115
4.07, -0.935938402326, -4.70332359097, -1.81409521247, 20.6266437645
4.08, -1.00289554019, -4.54549859484, -4.17565240431, 13.188475487
4.09, -1.01945145041, -4.43955408123, -3.39781398286, 0.171177866134
4.1, -1.07085181984, -4.54207503752, -8.08745606198, 2.84175398743
4.11, -1.18120057165, -4.38271900148, -6.87298234943, 2.76799266249
4.12, -1.20831146683, -4.48671518427, -1.19145650911, 2.77397019795
4.13, -1.20502970183, -4.32723959752, -4.4944958281, 13.9238291518
4.14, -1.29820138339, -4.20823860123, -5.77294110386, 3.5943419224
4.15, -1.32048852391, -4.25535275907, -2.20532629249, 11.3922185645
4.16, -1.34230790924, -3.98039422994, -3.06869810419, 16.2990224733
4.17, -1.38186248599, -3.92937230961, -5.96747488916, 11.7669727565
4.18, -1.46165740703, -3.74505477481, -3.39824231216, 7.65384695991
4.19, -1.44982733224, -3.77629537041, -2.58477155921, 9.34867644654
4.2, -1.51335283821, -3.55808124588, -4.24488239163, 17.5443189299
4.21, -1.53472498007, -3.42540899181, -4.03903689387, 5.06858193554
4.22, -1.59413357609, -3.45670960717, -6.55685488041, 5.9109683636
4.23, -1.66586207768, -3.30718962454, -3.11679420376, 10.7720552038
4.24, -1.65646946016, -3.2412685031, -0.978920573391, 3.25311844551
4.25, -1.68544048915, -3.24212725563, -4.01947312541, 3.22202713757
4.26, -1.73685892267, -3.17682796034, -3.78137631767, 21.9509053414
4.27, -1.7610680155, -2.8031091488, -2.8681533439, 6.12639267664
4.28, -1.79422198955, -3.05430010681, -1.37665804825, -7.03023312473
4.29, -1.78860117646, -2.94371381129, -3.07665251312, 19.2679834491
4.3, -1.85575503981, -2.66894043783, -5.57132925185, 8.66670737082
4.31, -1.9000277615, -2.77037966388, -0.300466230979, 12.9112765682
4.32, -1.86176436443, -2.41071490647, -1.47223342818, 25.8586854489
4.33, -1.92947243007, -2.2532059549, -1.57713524313, 20.1726879441
4.34, -1.8933070693, -2.00726114758, -0.190707224155, 11.6578501464
4.35, -1.93328657455, -2.02004895197, -4.05174623625, -5.36825624981
4.36, -1.97434199402, -2.11462627258, -0.904201778707, -7.03677603164
4.37, -1.95137061012, -2.16078447261, -0.301152687147, 1.00468974271
4.38, -1.98036504776, -2.09453247772, -4.66271078119, 16.3484603495
4.39, -2.04462482575, -1.83381526562, -3.86192001256, 20.346534609
4.4, -2.05760344801, -1.68760178555, -3.50072217343, 9.20773858584
4.41, -2.11463926922, -1.6496604939, -2.68568709853, 10.9879712913
4.42, -2.11131718999, -1.46784235972, -0.244936556559, 4.12789770885
4.43, -2.11953800035, -1.56710253972, -0.478890930452, -0.201870413322
4.44, -2.12089500859, -1.47187976799, -0.249633120505, 23.6907078887
4.45, -2.12453066276, -1.09328838195, 0.227700929147, -1.60450905472
4.46, -2.11634099001, -1.50396994908, -2.57801962783, -3.27220389545
4.47, -2.17609105531, -1.15873245986, -3.85115180728, 26.2818280745
4.48, -2.19336402616, -0.978333387591, 0.424540400331, 12.859885933
4.49, -2.16760024731, -0.901534741197, -0.280923632996, 5.12309312365
4.5, -2.19898249882, -0.875871525118, -2.26022710002, -2.27102273318
4.51, -2.21280478931, -0.94695519586, 0.478340603433, 9.47272378067
4.52, -2.18941568675, -0.686417049505, -2.57579789023, 7.60650244911
4.53, -2.26432074711, -0.794825146878, -0.17961397003, 4.61906077226
4.54, -2.19300796615, -0.59403583406, 2.13313759187, 15.9300564918
4.55, -2.22165799527, -0.476224017042, -0.624048237414, 7.19875740098
4.56, -2.2054889309, -0.45006068604, -0.195925005049, 7.47857067821
4.57, -2.22557649538, -0.326652603478, -2.20033950782, 3.71614530777
4.58, -2.24949572105, -0.375737779885, -0.0712277299976, -8.83045876093
4.59, -2.22700104998, -0.503261778696, 0.955069861778, 4.29718367876
4.6, -2.23039432382, -0.289794106309, -1.0288927719, 15.4641863574
4.61, -2.24757890541, -0.193978051547, -0.162860152361, 8.10864409586
4.62, -2.23365152686, -0.127621224392, -0.00647069858104, 21.5480245476
4.63, -2.24770831938, 0.236982439405, 0.289124089535, 20.9242684036
4.64, -2.22786904507, 0.29086414368, 2.11429628292, 3.39965072768
4.65, -2.20542239373, 0.304975453958, -2.09448421989, -8.76286046639
4.66, -2.26975872947, 0.115606934353, 0.0908282966918, -1.15522905595
4.67, -2.20360582779, 0.281870872839, 0.297780793345, 27.3107582305
4.68, -2.26380311361, 0.661822098962, -0.634989624046, 15.5609756867
4.69, -2.21630562027, 0.593090386573, 2.49029514239, -4.14174929546
4.7, -2.21399721076, 0.578987113053, -1.09230756852, 11.4643904541
4.71, -2.23815177164, 0.822378195655, 0.307180416433, 16.4429724058
4.72, -2.20785360243, 0.90784656117, 2.65994835266, 2.5079909216
4.73, -2.18495280459, 0.872538014087, 0.971792812851, -5.66574097775
4.74, -2.18841774617, 0.794531741614, 2.03902721262, 3.80441218917
4.75, -2.14417226034, 0.94862625787, 0.122584939051, 11.5313365931
4.76, -2.18596604739, 1.02515847348, -0.650762713555, 13.0033281193
4.77, -2.15718751461, 1.20869282026, 5.69109160114, 12.2090157888
4.78, -2.07214421537, 1.26933878925, 2.11048188111, 13.9054163703
4.79, -2.11497787699, 1.48680114766, -2.24213495929, 12.0204760657
4.8, -2.11698691455, 1.50974831057, 2.12340873926, -1.69777214862
4.81, -2.0725097022, 1.45284570469, 0.396336652899, 1.95277199279
4.82, -2.1090601815, 1.54880375042, -2.75480582071, 15.9260310399
4.83, -2.12760581862, 1.77136632549, 4.18570275221, 7.28249833504
4.84, -2.02534612645, 1.69445371712, 1.90152639742, 6.79267730587
4.85, -2.08957529067, 1.90721987161, 0.106529992364, 16.8420042468
4.86, -2.0232155266, 2.03129380206, 5.36935689418, 6.39792722451
4.87, -1.98218815278, 2.0351784161, 4.69160903973, 4.68964038005
4.88, -1.92938334581, 2.12508660966, 5.54459044444, 5.6112524936
4.89, -1.87129634389, 2.14740346597, 1.11601727975, 6.3262581333
4.9, -1.90706300021, 2.25161177233, -1.23664022469, 18.5652365054
4.91, -1.89602914839, 2.51870819608, 2.95850725029, 27.8724791455
4.92, -1.84789285521, 2.80906135524, 2.93768937864, -3.31465216329
4.93, -1.83727536082, 2.45241515281, -0.0341186636697, 5.12473167443
4.94, -1.84857522848, 2.91155598873, 1.45872469752, 16.9565310689
4.95, -1.80810086687, 2.79154577419, 5.6512401856, -0.175179354805
4.96, -1.73555042477, 2.90805240163, 1.45149396682, 6.13394182493
4.97, -1.77907098753, 2.91422461069, 2.10842943668, 6.25142504405
4.98, -1.69338183604, 3.03308090251, 4.62479978615, 0.368650194078
4.99, -1.68657499181, 2.92159761457, 4.22956313002, 1.44820854736
5.0, -1.60879057344, 3.06204507346, 1.82031319619, 21.8919057775
5.01, -1.65016872788, 3.35943573012, 2.22215108598, 20.8452910894
5.02, -1.56434755172, 3.47895089525, 5.73627960291, 10.0909288781
5.03, -1.53544313582, 3.56125430768, 0.694081468933, 10.4493752347
5.04, -1.55046592234, 3.68793839994, 4.0037766917, 4.28381963711
5.05, -1.45536760199, 3.64693070042, 6.29708823354, 10.5688027641
5.06, -1.42452415767, 3.89931445522, 3.08775539046, 17.1977079424
5.07, -1.39361249418, 3.99088485927, 3.61720047623, 11.3557510819
5.08, -1.35218014814, 4.12642947686, 4.21366751619, 9.16160568823
5.09, -1.30933914386, 4.17411697304, 6.44753458746, 11.2013093464
5.1, -1.22322945639, 4.35045566379, 5.27233522058, 10.6148490886
5.11, -1.20389243945, 4.38641395481, 1.70252608679, -3.11203827842
5.12, -1.18917893466, 4.28821489822, 5.85946000894, 19.8674627367
5.13, -1.08670323927, 4.78376320954, 2.02145200742, 16.8634331866
5.14, -1.14874989451, 4.62548356195, 2.69176621676, 6.2679258396
5.15, -1.03286791493, 4.90912172633, 6.82696561298, 17.0396700284
5.16, -1.01221058225, 4.96627696252, 2.6288069819, -3.95318524506
5.17, -0.980291775294, 4.83005802143, 3.85738316829, -6.84666653419
5.18, -0.935062918884, 4.82934363183, 6.96587225164, 10.0170351993
5.19, -0.840974330261, 5.03039872542, 6.11762647528, 10.9527591811
5.2, -0.812710389378, 5.04839881545, 8.47483676953, -0.904225893729
5.21, -0.67147759487, 5.01231420754, 8.16777194865, 14.561559047
5.22, -0.649354950405, 5.33962999639, -0.389166137735, 17.7566711825
5.23, -0.679260917625, 5.36744763119, 5.78816503213, -9.56379192367
5.24, -0.533591649763, 5.14835415792, 7.56223104252, -12.9776667666
5.25, -0.528016296775, 5.10789429586, 2.1841956847, 26.2029371409
5.26, -0.489907736069, 5.67241290074, 6.76968378138, 23.4451119537
5.27, -0.392622621147, 5.57679653493, 5.87515507952, -10.3671122484
5.28, -0.372404634478, 5.46507065577, 4.79526049768, -4.00528461924
5.29, -0.296717411193, 5.49669084255, 4.99559272968, 1.04955162469
5.3, -0.272492779885, 5.48606168826, 6.06096383948, 7.12662766485
5.31, -0.175498134404, 5.63922339585, 8.71868728226, 11.3300082415
5.32, -0.0981190342395, 5.71266185309, 4.65776413362, -1.05163100912
5.33, -0.0823428517312, 5.61819077566, 5.15334788617, -9.52277843599
5.34, 0.00494792348383, 5.52220628437, 5.72361648859, -3.15250771472
5.35, 0.0321294780405, 5.55514062137, 4.84992526327, 10.2950554784
5.36, 0.101946428749, 5.72810739394, 4.18159932033, -0.546283224804
5.37, 0.115761464447, 5.54421495687, 6.49370251861, 1.7497619227
5.38, 0.231820479122, 5.76310263239, 7.35188643644, -1.35137656396
5.39, 0.262799193176, 5.51718742559, 0.430695229454, -5.80233228983
5.4, 0.240434383711, 5.6470559866, 5.71179909812, 13.0096454353
5.41, 0.377035175138, 5.7773803343, 10.1842430195, 0.0392446286948
5.42, 0.4441192441, 5.64784087917, 2.65373462313, -9.76260128788
5.43, 0.430109867601, 5.58212830854, 3.92580377111, -17.4634653077
5.44, 0.522635319522, 5.29857157302, 6.98287453173, -16.228410441
5.45, 0.569767358235, 5.25756009972, 6.46235893222, -6.67771979768
5.46, 0.651882498166, 5.16501717706, 4.76794164017, 5.39812922822
5.47, 0.665126191039, 5.36552268429, 4.59423394513, -5.97319100399
5.48, 0.743767177069, 5.04555335699, 7.34286904511, -1.39466705839
5.49, 0.811983571941, 5.33762934312, 4.65082347851, 2.70342906203
5.5, 0.836783646639, 5.09962193823, 1.97191722024, -17.0075698658
5.51, 0.851421916346, 4.9974779458, 5.80237913829, -13.8105798127
5.52, 0.952831229405, 4.82341034197, 6.53218730007, -17.1454957838
5.53, 0.982065662347, 4.65456803013, 4.69375577796, -10.5519595962
5.54, 1.04670634496, 4.61237115005, 6.37790864829, -6.09388205261
5.55, 1.10962383531, 4.53269038908, 2.32526006106, -3.61526439708
5.56, 1.09321154619, 4.54006586211, 0.957246871267, -2.33894084938
5.57, 1.12876877274, 4.48591157209, 6.5367615642, -14.2538877643
5.58, 1.22394677747, 4.25498810682, 7.36388353161, -8.20605867784
5.59, 1.27604644337, 4.32179039853, 4.17741722045, -0.227086853595
5.6, 1.30749512188, 4.25044636975, 2.70626970878, -14.5486369805
5.61, 1.33017183755, 4.03081765892, 3.52325367157, -16.924625548
5.62, 1.37796019531, 3.91195385879, 5.85125178483, -17.0189866845
5.63, 1.44719687324, 3.69043792523, 2.42803482395, -4.50291134122
5.64, 1.42652089179, 3.82189563196, 3.66757271191, 5.13037479279
5.65, 1.52054832748, 3.79304542109, 5.65902297034, -19.1569835826
5.66, 1.5397013512, 3.43875596031, 1.56285130693, -8.5324183673
5.67, 1.55180535362, 3.62239705374, 3.91955947601, -0.892284965983
5.68, 1.61809254072, 3.42091026099, 5.34052259292, -11.3099482901
5.69, 1.65861580548, 3.39619808794, 2.86289579666, -6.36080400541
5.7, 1.67535045665, 3.29369418088, 4.4942434569, -9.02974341988
5.71, 1.74850067462, 3.21560321954, 1.95513225301, -20.0170191581
5.72, 1.71445310171, 2.89335379772, -1.10596989642, -15.8155710308
5.73, 1.72638127669, 2.89929179893, 3.09939675145, 0.624134586623
5.74, 1.77644103674, 2.90583648946, 3.13178786295, 0.309713592121
5.75, 1.78901703395, 2.90548607077, 4.59374855416, -3.90251683868
5.76, 1.86831600782, 2.82778615268, 3.99476027891, -16.783869198
5.77, 1.86891223952, 2.56980868681, 0.764108796479, -22.2133028227
5.78, 1.88359818375, 2.38352009623, 2.34074705165, -5.78869407985
5.79, 1.91572718056, 2.45403480521, 3.09980142793, -3.29955641986
5.8, 1.94559421231, 2.31752896783, 2.32462594313, -25.5500628385
5.81, 1.96221969942, 1.94303354844, 1.32711481132, -13.5811053062
5.82, 1.97213650854, 2.04590686171, 1.70046978547, -0.488790363749
5.83, 1.99622909513, 1.93325774117, 2.37227301413, -4.85812274618
5.84, 2.01958196882, 1.94874440678, 1.71742290943, 1.72574023061
5.85, 2.03057755332, 1.96777254578, 2.45125451549, -13.5516435117
5.86, 2.06860705913, 1.67771153655, 0.606802654085, -16.6267427092
5.87, 2.0427136064, 1.63523769159, 1.2964067781, -13.6150262336
5.88, 2.09453519469, 1.40541101188, 2.93194080521, -16.7330529412
5.89, 2.1013524225, 1.30057663277, 0.708946699265, -4.8097785854
5.9, 2.10871412868, 1.30921544017, 2.37685440086, 1.52201723656
5.91, 2.14888951052, 1.3310169775, 4.16676179018, -13.2678041666
5.92, 2.19204936448, 1.04385935684, -0.63930687874, -7.77171930232
5.93, 2.13610337295, 1.17558259146, 0.753489366152, -4.13755244745
5.94, 2.2071191518, 0.961108307889, 0.837798588528, -0.690625369741
5.95, 2.15285934472, 1.16177008406, 2.25349402042, -3.01923448671
5.96, 2.25218903221, 0.900723618154, 0.0613169336545, -25.8830038008
5.97, 2.15408568339, 0.644110008045, -3.00529858045, -10.6149517677
5.98, 2.1920830606, 0.6884245828, 3.090222253, -2.77142355863
5.99, 2.21589012845, 0.588681536872, 1.08230208999, -10.1778147628
6.0, 2.2137291024, 0.484868287543, 0.621222440622, -10.1843854911
6.01, 2.22831457726, 0.38499382705, -1.18181739577, -15.0282487511
6.02, 2.19009275449, 0.184303312522, -0.678445411483, 1.67454386183
6.03, 2.21474566903, 0.418484704286, 3.28470194135, -0.411530048692
6.04, 2.25578679331, 0.176072711548, 2.10794600199, -20.5704665149
6.05, 2.25690458907, 0.00707537398718, -2.59068228188, -18.4699896766
6.06, 2.20397314768, -0.193327081983, -0.584908907843, 0.653779267647
6.07, 2.24520641092, 0.0201509593401, 0.971014254411, 4.75339999434
6.08, 2.22339343276, -0.0982590820963, -0.376747238222, -2.4498342818
6.09, 2.23767146615, -0.0288457262959, 2.72737762606, -6.40833391985
6.1, 2.27794098528, -0.226425760493, 1.06740677423, -8.39800188042
6.11, 2.25901960164, -0.196805763904, -2.60771112954, -5.49857055012
6.12, 2.22578676269, -0.336397171496, -1.79027632375, -13.4898200735
6.13, 2.22321407516, -0.466602165374, -1.28026182396, -6.42281781099
6.14, 2.20018152621, -0.464853527715, -1.76532032106, -8.93399049697
6.15, 2.18790766874, -0.645281975314, 2.4368729131, -7.04646820662
6.16, 2.24891898448, -0.605782891848, 1.13924374338, -6.85484489603
6.17, 2.21069254361, -0.782378873234, -3.79013422864, -12.0165726266
6.18, 2.1731162999, -0.846114344379, -0.608404403739, 1.2463734274
6.19, 2.19852445553, -0.757451404686, 0.384642328073, -3.65040064338
6.2, 2.18080914647, -0.919122357247, -2.33186165923, -13.9407666737
6.21, 2.15188722235, -1.03626673816, -0.219433529296, -16.0565273849
6.22, 2.17642047588, -1.24025290495, 0.920997425615, -11.2176834537
6.23, 2.17030717086, -1.26062040724, -1.60290955855, -9.8122672995
6.24, 2.14436228471, -1.43649825094, 0.143429398224, 2.2009875856
6.25, 2.17317575882, -1.21660065552, -4.13244244683, -6.9529419454
6.26, 2.06171343577, -1.57555708984, -4.42839316687, -6.87976444815
6.27, 2.08460789549, -1.35419594449, -0.0449467252815, 2.19383417461
6.28, 2.06081450127, -1.53168040635, -0.212860619033, -20.5878129566
6.29, 2.08035068311, -1.76595220362, -1.82460264884, -6.33284849173
6.3, 2.02432244829, -1.65833737619, -2.39752318285, -9.26943228109
6.31, 2.03240021945, -1.95134084924, -1.83505493321, -5.05096150069
6.32, 1.98762134963, -1.7593566062, -1.9973364743, -9.96850145571
6.33, 1.99245348996, -2.15071087835, -2.73235037374, -10.5861538089
6.34, 1.93297434215, -1.97107968238, -2.84073158125, -2.94897174169
6.35, 1.93563885834, -2.20969031319, 2.09132201328, -17.5539098579
6.36, 1.97480078242, -2.32215787954, -2.10732289612, -24.2988040791
6.37, 1.89349240042, -2.69566639477, -5.73498181948, -16.2052396205
6.38, 1.86010114603, -2.64626267195, -3.70615009814, 13.9355704244
6.39, 1.81936939845, -2.41695498628, -1.23402476989, 1.91366060477
6.4, 1.83542065063, -2.60798945985, -1.69570129016, -25.3156738766
6.41, 1.78545537265, -2.92326846382, -6.50463324363, -12.6978167117
6.42, 1.70532798576, -2.86194579408, -1.51504932623, -3.28700282599
6.43, 1.75515438613, -2.98900852034, 0.365612180775, -17.2440253606
6.44, 1.71264022937, -3.2068263013, -5.53850263715, -14.8879083957
6.45, 1.64438433338, -3.28676668825, -3.43796105352, -4.32800725321
6.46, 1.6438810083, -3.29338644636, -2.36261414577, -7.53046731327
6.47, 1.59713205047, -3.43737603452, -2.35693689618, -19.8677436024
6.48, 1.59674227038, -3.69074131841, -2.86068238024, -6.07962852438
6.49, 1.53991840286, -3.558968605, -5.86147636386, -6.62625453945
6.5, 1.4795127431, -3.8232664092, -6.4070137094, -17.4940470767
6.51, 1.41177812867, -3.90884954654, -2.54232744279, -6.73206685969
6.52, 1.42866619424, -3.95790774639, -1.60262848171, -13.0541744651
6.53, 1.37972555904, -4.16993303584, -4.50319025688, -1.06386083259
6.54, 1.33860238911, -3.97918496304, -5.21742745585, -1.84291995643
6.55, 1.27537700992, -4.20679143497, -3.27632453991, -24.1536356703
6.56, 1.27307589831, -4.46225767645, -2.15832651507, -14.7513757784
6.57, 1.23221047962, -4.50181895053, -5.96567718439, -4.7472858848
6.58, 1.15376235462, -4.55720339414, -3.7777143668, -11.8939420384
6.59, 1.15665619229, -4.7396977913, -4.73330378913, -13.9478244735
6.6, 1.05909627884, -4.83615988362, -7.83718078606, 4.79557811989
6.61, 0.999912576565, -4.6437862289, -5.41312167219, -2.77258440101
6.62, 0.950833845394, -4.89161157164, -4.92924083757, -18.0557293037
6.63, 0.901327759813, -5.00490081498, -5.0492319108, 1.54210905358
6.64, 0.849849207178, -4.86076939056, -4.29107410683, 7.16409545811
6.65, 0.815506277677, -4.86161890582, -1.30680261005, -11.0026849002
6.66, 0.823713154977, -5.08082308857, -5.11898688686, -29.2612875527
6.67, 0.713126539939, -5.44684465687, -6.18994100841, -5.21925216822
6.68, 0.699914334809, -5.18520813193, -5.06023248329, 8.74995978612
6.69, 0.611921890274, -5.27184546115, -5.72781995936, -11.7793493971
6.7, 0.585357935622, -5.42079511987, -4.71447672749, -13.7466922428
6.71, 0.517632355724, -5.546779306, -5.97310288163, 4.58583897497
6.72, 0.465895877989, -5.32907834037, -4.40879920426, -5.9039687535
6.73, 0.429456371639, -5.66485868107, -4.67178856947, -7.36804434141
6.74, 0.3724601066, -5.4764392272, -7.98368448458, 4.17670311072
6.75, 0.269782681947, -5.58132461886, -4.17487551171, -3.31756242065
6.76, 0.288962596366, -5.54279047562, -1.13105422624, 5.03998760661
6.77, 0.247161597422, -5.48052486673, -7.38414209443, 0.518990352453
6.78, 0.141279754477, -5.53241066857, -10.7891255413, -4.29141360199
6.79, 0.0313790865959, -5.56635313876, -6.38583533811, -1.90006482647
6.8, 0.0135630477148, -5.5704119651, -3.63213487622, 4.13599207115
6.81, -0.0412636109285, -5.48363329734, -4.34033720207, 3.87067448376
6.82, -0.0732436963265, -5.49299847542, -6.47425324754, -10.709733823
6.83, -0.170748675879, -5.6978279738, -5.48391448104, -12.1690055316
6.84, -0.182921985947, -5.73637858605, -6.30262201787, 9.72210199442
6.85, -0.296801116237, -5.50338593391, -5.6772909897, 5.16276807317
6.86, -0.296467805741, -5.63312322459, -4.83298088118, -0.849525931115
6.87, -0.39346073386, -5.52037645254, -6.28969127347, 0.326925782512
6.88, -0.422261631211, -5.62658470894, -7.16519134936, -0.0520496367762
6.89, -0.536764560847, -5.52141744527, -4.31404267146, 23.6199478569
6.9, -0.50854248464, -5.1541857518, -2.42932163951, 8.71462985865
6.91, -0.585350993638, -5.3471248481, -4.28985672876, -9.6683468298
6.92, -0.594339619215, -5.3475526884, -5.92540657743, 2.40571895204
6.93, -0.703859125186, -5.29901046906, -9.50535377648, 14.7094002984
6.94, -0.784446694745, -5.05336468243, -6.15211251278, 12.8640269072
6.95, -0.826901375442, -5.04172993091, -2.00051368346, 8.46190230051
6.96, -0.824456968414, -4.88412663642, -4.56340931167, 4.99381050338
6.97, -0.918169561675, -4.94185372085, -8.00711032288, -2.32567611241
6.98, -0.984599174871, -4.93064015867, -2.48540623575, 11.9653176701
6.99, -0.96787768639, -4.70254736744, -3.7069491349, 6.54867552481
7.0, -1.05873815757, -4.79966664817, -7.25073969631, 10.9547630673
7.01, -1.11289248032, -4.4834521061, -2.30840976973, 16.9059643431
7.02, -1.10490635296, -4.46154736131, -4.26591022579, 11.2344478252
7.03, -1.19821068483, -4.25876314959, -5.89197310168, 7.43610589582
7.04, -1.222745815, -4.31282524339, -4.5560338573, -0.816080035129
7.05, -1.28933136198, -4.2750847503, -2.925607291, 14.0156298991
7.06, -1.28125796082, -4.03251264541, -3.36345704846, 13.6575379577
7.07, -1.35660050295, -4.00193399114, -6.24305065436, 1.295564302
7.08, -1.4061189739, -4.00660135937, -3.79721929996, 5.2991364543
7.09, -1.43254488895, -3.89595126206, 0.0901684490268, 16.4078689081
7.1, -1.40431560492, -3.67844398121, -2.79458289887, 10.6333572432
7.11, -1.48843654692, -3.68328411719, -5.1417896479, 15.7005151272
7.12, -1.50715139788, -3.36443367866, -4.3491622897, 17.656068496
7.13, -1.57541979272, -3.33016274727, -4.70796488922, -7.05123815921
7.14, -1.60131069567, -3.50545844185, -3.37114742649, 16.3640221125
7.15, -1.64284274125, -3.00288230502, -2.79589219114, 21.9286582307
7.16, -1.65722853949, -3.06688527723, -0.747754197464, -9.11859986887
7.17, -1.6577978252, -3.1852543024, -4.14582307411, 4.76554581869
7.18, -1.74014500097, -2.97157436086, -6.58271887005, 25.2728674679
7.19, -1.7894522026, -2.67979695304, -3.53415384137, 2.66493390531
7.2, -1.8108280778, -2.91827568275, -1.32282109288, 6.83914415748
7.21, -1.81590862446, -2.54301406989, 0.305936140196, 10.5077442199
7.22, -1.804709355, -2.70812079836, -1.58810516203, 1.16826311235
7.23, -1.8476707277, -2.51964880765, -1.10789780201, 20.7258132994
7.24, -1.82686731104, -2.29360453237, -3.82826155051, 13.6426363785
7.25, -1.92423595871, -2.24679608008, -4.93751353465, 7.22891942872
7.26, -1.92561758173, -2.14902614379, -0.484764891804, 7.3079744871
7.27, -1.93393125654, -2.10063659033, -4.16501927658, 13.4184290357
7.28, -2.00891796726, -1.88065756308, -2.43298619397, 16.3885180588
7.29, -1.98259098042, -1.77286622916, 1.29140660928, 8.63663667619
7.3, -1.98308983507, -1.70792482955, -1.16798408523, -5.34328018067
7.31, -2.00595066213, -1.87973183277, -4.86742427586, 0.719519678088
7.32, -2.08043832059, -1.69353443599, -4.02746427976, 14.7811476147
7.33, -2.08649994772, -1.58410888048, -1.37614757354, 7.298295767
7.34, -2.10796127206, -1.54756852065, 0.859940153334, -0.117917051265
7.35, -2.06930114466, -1.5864672215, -0.354428573645, 16.2300035312
7.36, -2.11504984354, -1.22296845003, -2.32235321664, 19.8002006103
7.37, -2.11574820899, -1.1904632093, -0.662929886658, -0.314307983011
7.38, -2.12830844127, -1.22925460969, -2.25325827938, 2.95640941604
7.39, -2.16081337458, -1.13133502098, -1.54513975987, 21.6312859799
7.4, -2.15921123647, -0.796628890091, -1.47210734683, 9.60365553964
7.41, -2.19025552151, -0.939261910184, -1.4263658687, -13.3812176988
7.42, -2.18773855384, -1.06425324407, 1.31578685225, 7.20776744521
7.43, -2.16393978447, -0.79510656128, 2.33089299925, 10.5952841716
7.44, -2.14112069385, -0.852347560635, -2.22064195223, 8.03178903592
7.45, -2.20835262351, -0.634470780561, -3.95117232578, 5.47487966534
7.46, -2.22014414037, -0.742849967328, 1.45033831458, 8.69494869277
7.47, -2.17934585722, -0.460571806706, 0.651686872112, 22.3107051977
7.48, -2.20711040293, -0.296635863374, -2.55048694285, -7.61287795774
7.49, -2.23035559608, -0.61282936586, -2.79302495816, -0.233280042144
7.5, -2.26297090209, -0.301301464217, -0.196902899003, 30.2882834602
7.51, -2.23429365406, -0.00706369665615, 0.428862678785, 8.45001444015
7.52, -2.25439364852, -0.132301175414, -2.19541426489, 2.87347023413
7.53, -2.27820193936, 0.0504057080265, 0.0711882133278, 14.3717220613
7.54, -2.25296988425, 0.155133265811, 0.872242668693, 2.17168435694
7.55, -2.26075708598, 0.0938393951652, 1.51491741965, 6.3490067571
7.56, -2.22267153586, 0.282113400953, 1.98821066439, 16.4289470115
7.57, -2.22099287269, 0.422418335395, -1.00798181439, 6.54779990239
7.58, -2.24283117214, 0.413069399001, -1.22792925163, -1.18444838636
7.59, -2.24555145773, 0.398729367668, 1.63321446681, 4.68826306594
7.6, -2.21016688281, 0.506834660319, 1.40306432259, 15.6672319886
7.61, -2.21749017127, 0.71207400744, -1.79125132474, 21.6319260068
7.62, -2.2459919093, 0.939473180456, 0.0909144831975, 0.967594792435
7.63, -2.21567188161, 0.731425903288, 2.58827073603, -3.70879897729
7.64, -2.19422649458, 0.86529720091, 5.02473621757, 8.24747895094
7.65, -2.11517715726, 0.896375482307, 1.67858683655, 11.6461873273
7.66, -2.16065475785, 1.09822094746, -3.28152858611, 8.99590937663
7.67, -2.18080772898, 1.07629366984, 1.53355029852, 11.4442843639
7.68, -2.12998375188, 1.32710663473, 2.49899756416, 8.6772260149
7.69, -2.1308277777, 1.24983819014, -0.0104506840607, 0.330113391251
7.7, -2.13019276556, 1.33370890256, 0.353300041274, 3.48057431568
7.71, -2.12376177687, 1.31944967645, 1.89609974907, -9.84562759574
7.72, -2.09227077058, 1.13679635064, 0.414187125677, 6.32349396258
7.73, -2.11547803436, 1.4459195557, 3.36606507637, 35.0681734882
7.74, -2.02494946905, 1.83815982041, 0.873094194135, 27.8324499365
7.75, -2.09801615048, 2.00256855443, -1.01736306696, -13.8369415878
7.76, -2.04529673039, 1.56142098865, 6.35230638712, -6.06540844847
7.77, -1.97097002273, 1.88126038546, 4.19859906977, 33.1983457609
7.78, -1.961324749, 2.22538790387, -0.263663290999, 14.322369701
7.79, -1.97624328855, 2.16770777949, 0.99274434095, 8.06539365621
7.8, -1.94146986218, 2.386695777, 0.994740212253, 12.9715862962
7.81, -1.95634848431, 2.42713950541, 2.37494503976, 2.63484053953
7.82, -1.89397096138, 2.43939258779, 4.02527025269, 4.09986586918
7.83, -1.87584307926, 2.50913682279, 0.193443212499, -0.801453224316
7.84, -1.89010209713, 2.4233635233, 1.08547362169, 7.12455661224
7.85, -1.85413360682, 2.65162795504, 2.62937581766, 19.9777812685
7.86, -1.83751458078, 2.82291914867, 7.02591655877, 10.5840029466
7.87, -1.71361527565, 2.86330801397, 3.25093954785, 8.4990687285
7.88, -1.77249578982, 2.99290052324, -1.16237266232, 9.99217772868
7.89, -1.73686272889, 3.06315156854, 5.90634142208, 0.107275545684
7.9, -1.65436896138, 2.99504603415, 2.50380427211, 7.4779652041
7.91, -1.68678664345, 3.21271087262, 3.71015605676, 21.7671834298
7.92, -1.58016584025, 3.43038970275, 3.83205488495, 6.37359561987
7.93, -1.61014554575, 3.34018278502, 0.377917060279, -5.61303801807
7.94, -1.57260749904, 3.31812894239, 3.67566213717, 6.5724078442
7.95, -1.53663230301, 3.47163094191, 4.49458524086, 30.453003331
7.96, -1.48271579422, 3.92718900901, 3.72653479866, 29.9112564808
7.97, -1.46210160703, 4.06985607152, 2.27178554457, 1.21554568951
7.98, -1.43728008333, 3.9514999228, 5.39532949179, 6.75740746167
7.99, -1.3541950172, 4.20500422076, 4.24304279301, 14.308247176
8.0, -1.35241922747, 4.23766486632, 2.08226050317, 9.81524348612
8.01, -1.31254980714, 4.40130909048, 6.40353838742, 7.57737634331
8.02, -1.22434845972, 4.38921239318, 6.01119149021, 4.39236907339
8.03, -1.19232597733, 4.48915647195, 4.21134762371, -2.89615228448
8.04, -1.14012150725, 4.33128934749, 3.58988791933, 1.84326160086
8.05, -1.12052821894, 4.52602170396, 4.82737768406, 22.233527004
8.06, -1.04357395357, 4.77595988757, 5.50089556758, 16.9504704868
8.07, -1.01051030759, 4.8650311137, 2.51984867681, 0.649413581087
8.08, -0.993176980031, 4.78894815919, 3.23946622216, 0.976520404381
8.09, -0.94572098315, 4.88456152179, 6.13287179603, -1.07140009322
8.1, -0.870519544111, 4.76752015733, 5.83198342569, 13.4156253325
8.11, -0.829081314636, 5.15287402844, 2.45516848384, 9.87348695251
8.12, -0.821416174434, 4.96498989638, 2.93115893943, 9.2330652979
8.13, -0.770458135847, 5.33753533439, 7.32217275575, 21.1567137406
8.14, -0.674972719319, 5.38812417119, 9.53035930978, -3.75573286964
8.15, -0.579850949652, 5.262420677, 4.20493669487, -4.69414384787
8.16, -0.590873985422, 5.29424129423, 3.67880137374, 12.959962475
8.17, -0.506274922177, 5.5216199265, 10.5808285428, 14.2276858195
8.18, -0.379257414565, 5.57879501062, 3.27564292421, 8.33044954504
8.19, -0.440762063693, 5.6882289174, -0.431779081612, -9.9705475573
8.2, -0.387892996197, 5.37938405948, 7.34945587664, -9.62814185348
8.21, -0.29377294616, 5.49566608033, 8.51023343231, 3.50258319978
8.22, -0.217688327551, 5.44943572347, 5.44085805228, -3.47856804124
8.23, -0.184955785114, 5.42609471951, 4.59441548253, 9.76755344187
8.24, -0.125800017901, 5.64478679231, 6.71381089834, 11.4998159709
8.25, -0.0506795671476, 5.65609103893, 5.95449442014, 5.28184818691
8.26, -0.00671012949779, 5.75042375605, 5.61411101678, -12.1044139838
8.27, 0.0616026531879, 5.41400275925, 4.92855606711, 0.690500596125
8.28, 0.0918609918444, 5.76423376797, 5.57855023355, 12.6658178245
8.29, 0.173173657859, 5.66731911574, 4.32158125005, -14.6095744047
8.3, 0.178292616845, 5.47204227988, 5.83222418219, -13.0781564536
8.31, 0.289818141503, 5.40575598667, 6.80789154671, -0.56300225167
8.32, 0.31445044778, 5.46078223484, 6.21415625696, 9.96720709112
8.33, 0.414101266642, 5.60510012849, 5.13930907857, -4.25782280909
8.34, 0.417236629351, 5.37562577866, 3.47103503795, -3.78118550426
8.35, 0.483521967401, 5.5294764184, 6.38926509201, -2.04892614421
8.36, 0.545021931191, 5.33464725578, 6.93141611426, -12.9452814029
8.37, 0.622150289686, 5.27057079035, 5.04461441047, 11.7557887509
8.38, 0.645914219401, 5.5697630308, 1.87927387745, -3.82802648173
8.39, 0.659735767235, 5.19401026071, 4.90316271333, -24.9267578767
8.4, 0.743977473667, 5.07122787326, 8.68436778519, -4.76295012854
8.41, 0.833423122939, 5.09875125814, 6.59982972911, -3.14579719699
8.42, 0.875974068249, 5.00831192932, 4.72561500023, -8.20713257447
8.43, 0.927935422944, 4.93460860665, 5.05561339593, -10.1257027181
8.44, 0.977086336168, 4.80579787496, 4.43528183583, -7.49991008402
8.45, 1.01664105966, 4.78461040497, 4.42761226583, -7.5845155668
8.46, 1.06563858148, 4.65410756362, 2.49487144564, -16.031317022
8.47, 1.06653848857, 4.46398406453, 5.05081841968, -4.32905305931
8.48, 1.16665494988, 4.56752650244, 5.68563122328, 11.3437947774
8.49, 1.18025111304, 4.69085996008, 2.47178761121, -23.3037903674
8.5, 1.2160907021, 4.10145069509, 6.38883083199, -29.383079278
8.51, 1.30802772968, 4.10319837452, 4.23749452351, 2.37325577511
8.52, 1.30084059257, 4.14891581059, 1.07239459523, -5.58318294734
8.53, 1.32947562158, 3.99153471557, 2.92305144463, -15.4617946175
8.54, 1.35930162147, 3.83967991824, 6.55508644367, -11.6121287075
8.55, 1.46057735046, 3.75929214142, 6.88726320055, -4.56817946731
8.56, 1.49704688548, 3.7483163289, 4.05000414127, 2.21639926218
8.57, 1.54157743328, 3.80362012666, 2.47220979326, -11.466041377
8.58, 1.54649108134, 3.51899550136, 0.568695957436, -15.4395664745
8.59, 1.55295135243, 3.49482879718, 4.15356365624, 0.90658892984
8.6, 1.62956235447, 3.53712727995, 5.9205833349, -16.5758317066
8.61, 1.67136301913, 3.16331216304, 2.65859385544, -22.7570325626
8.62, 1.68273423158, 3.0819866287, 2.28124854509, 3.44699116545
8.63, 1.71698799003, 3.23225198635, 1.92524229479, -12.5815813082
8.64, 1.72123907747, 2.83035500254, 3.87447453966, -18.0725711583
8.65, 1.79447748082, 2.87080056319, 0.256595127736, 2.46850317564
8.66, 1.72637098003, 2.87972506605, -1.17300811282, 0.0885408750286
8.67, 1.77101731857, 2.87257138069, 7.76403866146, -15.4147985325
8.68, 1.88165175325, 2.5714290954, 7.51441921475, -24.4317274115
8.69, 1.92130570286, 2.38393683246, -0.031852492514, -16.2569384608
8.7, 1.8810147034, 2.24629032618, -0.995123997265, -7.04007974767
8.71, 1.90140322292, 2.24313523751, 2.78282121077, -9.38627227583
8.72, 1.93667112762, 2.05856488067, 2.54893826919, -10.0053681222
8.73, 1.9523819883, 2.04302787506, 6.11215512893, -12.0583150328
8.74, 2.0589142302, 1.81739858001, 3.2648096669, 3.68972771516
8.75, 2.01767818164, 2.11682242936, -0.407105938942, 6.16373833213
8.76, 2.05077211142, 1.94067334665, 3.73395433041, -21.2371088729
8.77, 2.09235726825, 1.69208025191, 0.773813969567, -16.6412145829
8.78, 2.06624839081, 1.607849055, 0.323666487422, 1.28761130401
8.79, 2.098830598, 1.71783247799, 4.51964521682, -3.9078231886
8.8, 2.15664129515, 1.52969259122, -0.693660251384, -19.911281574
8.81, 2.08495739297, 1.31960684651, -0.480285567045, -7.41930158566
8.82, 2.14703558381, 1.38130655951, 3.19818992337, -2.23082244359
8.83, 2.14892119144, 1.27499039763, -0.188585824426, -10.9031630859
8.84, 2.14326386732, 1.16324329779, 1.83361749438, -2.42464022077
8.85, 2.18559354132, 1.22649759322, 2.32270798718, -7.4978816062
8.86, 2.18971802706, 1.01328566567, -0.860794699428, -6.9385159565
8.87, 2.16837764733, 1.08772727409, -0.870671037287, -8.71029957454
8.88, 2.17230460632, 0.839079674177, 0.13699017106, -11.6472556999
8.89, 2.17111745076, 0.854782160091, 0.504687734423, -6.53193085621
8.9, 2.182398361, 0.708441057053, 1.11413832487, -16.880558167
8.91, 2.19340021725, 0.51717099675, 2.86739062882, -8.69231017252
8.92, 2.23974617358, 0.534594853603, 1.81121524821, -3.16896302572
8.93, 2.22962452222, 0.453791736236, -0.0610222365956, 12.3523363447
8.94, 2.23852572885, 0.781641580497, 1.05027279628, -2.62938918998
8.95, 2.25062997814, 0.401203952436, -1.07564612003, -34.1813490014
8.96, 2.21701280645, 0.09801460047, -0.920785235161, -25.2739835935
8.97, 2.23221427344, -0.104275719434, 1.9458851723, -0.286253885368
8.98, 2.25593050989, 0.0922895227627, -1.00966238296, -1.60916303562
8.99, 2.21202102578, -0.136458980147, -1.08069726986, -14.9283417129
9.0, 2.2343165645, -0.206277311494, 1.42086115225, -1.66554194675
9.01, 2.24043824883, -0.169769819081, 0.217726125406, -1.10501678725
9.02, 2.23867108701, -0.228377647239, -0.0711886280918, -7.43096355631
9.03, 2.23901447626, -0.318389090208, -0.294990013003, -0.574446957284
9.04, 2.23277128675, -0.239866586385, 0.675007854449, -9.86253335851
9.05, 2.25251463335, -0.515639757378, 0.0894469466809, -16.5119145846
9.06, 2.23456022568, -0.570104878078, -1.22790326718, -2.09626083782
9.07, 2.22795656801, -0.557564974134, -2.42816486587, -3.40488591907
9.08, 2.18599692836, -0.638202596459, -0.114159350352, -25.6152082209
9.09, 2.225673381, -1.06986913855, 0.79651127272, -0.290609934751
9.1, 2.20192715382, -0.644014795154, -2.98510239689, 6.4394676009
9.11, 2.16597133306, -0.941079786535, -0.439927113234, -15.6301046424
9.12, 2.19312861155, -0.956616888002, -1.47877325568, -15.6319859587
9.13, 2.13639586795, -1.25371950571, 0.513100108912, -15.9696293281
9.14, 2.20339061373, -1.27600947456, 0.620518250877, 0.218386205969
9.15, 2.14880623297, -1.24935178159, -3.15791736782, -13.5853381203
9.16, 2.14023226637, -1.54771623697, -2.57974832929, -12.5636749735
9.17, 2.09721126638, -1.50062528106, -3.80438485885, -3.37401651238
9.18, 2.0641445692, -1.61519656722, -1.76107463066, -3.75526424171
9.19, 2.06198977377, -1.57573056589, -0.519205715367, 8.69406222403
9.2, 2.05376045489, -1.44131532274, -2.31786725459, -16.9060980004
9.21, 2.01563242868, -1.9138525259, -0.871401041934, -22.9732599273
9.22, 2.03633243405, -1.90078052128, -1.65738962303, -17.3661494364
9.23, 1.98248463622, -2.26117551463, -0.189783212261, -26.2391792505
9.24, 2.0325367698, -2.42556410629, -3.12206501323, 11.3132817602
9.25, 1.92004333595, -2.03490987943, -4.10108900651, 18.3571196757
9.26, 1.95051498967, -2.05842171278, -1.47285857385, -9.4059037068
9.27, 1.89058616447, -2.22302795356, -1.48934099252, -12.5622173489
9.28, 1.92072816982, -2.30966605976, 2.57560691994, -12.8942265392
9.29, 1.94209830287, -2.48091248435, -4.08258707108, 1.63877413733
9.3, 1.8390764284, -2.27689057701, -6.41659821859, -14.6722798125
9.31, 1.8137663385, -2.7743580806, -1.47241101968, -37.9389945661
9.32, 1.80962820801, -3.03567046833, -1.05596499035, -9.93079925101
9.33, 1.7926470387, -2.97297406562, -1.98371156682, 8.73378415844
9.34, 1.76995397667, -2.86099478516, -4.22828043498, 0.176316454584
9.35, 1.70808143, -2.96944773653, -2.16732236476, -22.6200192637
9.36, 1.72660752938, -3.31339517044, -4.32081690963, -6.4513034211
9.37, 1.6216650918, -3.09847380495, -4.27334002373, 1.89745287816
9.38, 1.6411407289, -3.27544611287, -2.61285621833, -11.5531641982
9.39, 1.56940796744, -3.32953708891, -3.72219633268, -20.9699252702
9.4, 1.56669680225, -3.69484461828, -3.25819531125, -20.8404933795
9.41, 1.50424406121, -3.7463469565, -4.28381625664, -13.1423862715
9.42, 1.48102047712, -3.95769234371, -2.53550417057, -20.0342494769
9.43, 1.4535339778, -4.14703194604, -2.45149965901, 8.3062816268
9.44, 1.43199048394, -3.79156671117, -4.91853653909, 12.7107103103
9.45, 1.35516324702, -3.89281773983, -4.76120613292, -29.2674073588
9.46, 1.33676636128, -4.37691485835, -7.42245379049, -23.0608223393
9.47, 1.20671417121, -4.35403418662, -5.23417919694, 8.72320765651
9.48, 1.23208277734, -4.20245070522, 0.562173020202, -0.0603943310252
9.49, 1.21795763161, -4.35524207324, -3.68377450255, -12.3958029389
9.5, 1.15840728729, -4.450366764, -5.84126845416, -17.7951415192
9.51, 1.10113226253, -4.71114490362, -4.22912563452, -18.1315334322
9.52, 1.0738247746, -4.81299743264, -5.61705417603, -3.06032392913
9.53, 0.988791179009, -4.77235138221, -7.58607562678, -1.18078999454
9.54, 0.922103262062, -4.83661323253, -3.73846808458, -0.545810613801
9.55, 0.914021817317, -4.78326759448, -3.12200893857, -12.8735683736
9.56, 0.859663083291, -5.0940846, -6.34666880205, -19.4015025612
9.57, 0.787088441276, -5.17129764571, -5.1575265974, -11.319300824
9.58, 0.756512551343, -5.32047061648, -5.36823912607, -6.17542307784
9.59, 0.679723658755, -5.29480610726, -1.88069894248, 0.00393406898027
9.6, 0.718898572493, -5.3203919351, -4.51530047307, -0.479743600023
9.61, 0.589417649293, -5.30440097926, -9.23305128987, -10.5258889605
9.62, 0.534237546696, -5.53090971431, -4.2115730997, -3.41576193333
9.63, 0.505186187299, -5.37271621793, -5.88638208301, -1.96195070069
9.64, 0.416509905036, -5.57014872833, -5.65953861004, -2.20519087044
9.65, 0.391995415098, -5.41682003534, -2.94354209164, 0.0717753794014
9.66, 0.357639063203, -5.56871322074, -5.00669099407, -16.5120529749
9.67, 0.291861595217, -5.74706109484, -6.68908133317, 0.250794218079
9.68, 0.223857436539, -5.56369733638, -8.93785889013, 9.6231044709
9.69, 0.113104417414, -5.55459900542, -4.98868765965, -4.37260739074
9.7, 0.124083683346, -5.65114948419, -0.637276953139, -1.61305295731
9.71, 0.100358878352, -5.58686006457, -8.33088834802, 1.07522052728
9.72, -0.0425340836141, -5.62964507364, -7.99069174354, -2.18264229338
9.73, -0.0594549565192, -5.63051291043, -4.86584530825, 6.61102616457
9.74, -0.139850989779, -5.49742455035, -7.38454306778, -4.11643387969
9.75, -0.207145817875, -5.71284158803, -5.27622712967, -14.6836028806
9.76, -0.245375532373, -5.79109660797, -3.87251558962, 10.9291030212
9.77, -0.284596129667, -5.4942595276, -5.73702939102, 8.36140355953
9.78, -0.360116120193, -5.62386853677, -4.88845368097, -8.65363868192
9.79, -0.382365203287, -5.66733230124, -2.92692765561, 10.2786043314
9.8, -0.418654673305, -5.41829645015, -4.58763193783, 17.4919791904
9.81, -0.474117842043, -5.31749271743, -9.76618457419, 8.05291968604
9.82, -0.613978364789, -5.25723805643, -7.8799864949, -9.15912264509
9.83, -0.631717571941, -5.50067517034, -4.13528852691, -14.4778302317
9.84, -0.696684135327, -5.54679466106, -3.89681438149, 12.2864365124
9.85, -0.709653859571, -5.25494644009, -2.76866907261, 21.8694741038
9.86, -0.752057516779, -5.10940517898, -7.45945852573, 17.3992886056
9.87, -0.858843030086, -4.90696066798, -5.25340425434, 5.29907680579
9.88, -0.857125601866, -5.00342364287, -3.94435786898, -5.12854994528
9.89, -0.937730187465, -5.00953166688, -7.16732744859, 0.0461820780373
9.9, -1.00047215084, -5.00250000131, -3.96617521197, 18.8358542134
9.91, -1.0170536917, -4.63281458261, -2.4964156172, 19.0738873469
9.92, -1.05040046318, -4.62102225437, -7.34541049971, 0.759338148131
9.93, -1.1639619017, -4.61762781965, -7.1373620495, 11.886734597
9.94, -1.19314770417, -4.38328756243, -1.92707137958, 12.7128105711
9.95, -1.20250332929, -4.36337160823, -1.04868398363, 4.01914987108
9.96, -1.21412138384, -4.30290456501, -5.57926321891, -0.517168896513
9.97, -1.31408859367, -4.37371498616, -4.31457414443, 14.6669016677
9.98, -1.30041286673, -4.00956653165, -1.99413349927, 13.0274133144
9.99, -1.35397126365, -4.11316671987, -5.3558396921, -10.3600188218
