x, y, z, v, w, out
4637.2574346, 2677.0835925, 4219.91206425, 3844.12373516, 3639.5492378, 10.1760919242
1421.66986886, 900.626085595, 977.467828995, 2288.65935972, 3450.89908668, 6.21564841126
2765.33847357, 4204.62298971, 3587.15882216, 385.651058309, 1773.12842857, 8.18961269227
2614.94957087, 1374.46005671, 3790.88695703, 3606.5092913, 404.262541771, 7.97177152569
2668.42643717, 2865.75686229, 231.949312512, 2045.20750679, 3924.1597874, 8.16160305368
643.138289025, 3077.96943161, 3915.64452586, 1934.59662562, 2980.93368459, 4.68106244021
1790.35476991, 748.189454523, 3771.65362604, 2932.66539197, 513.46503909, 6.86274388798
991.972698605, 2399.55884458, 4210.90571555, 751.557912862, 974.980163852, 5.29902541339
1800.95676164, 1212.91344107, 1322.26807191, 1616.04769676, 864.748519769, 6.7509162635
4675.66697289, 2291.62983052, 3662.07304051, 3849.77743962, 1612.15227819, 10.3582896418
253.175982615, 840.126227006, 3747.56319468, 2254.71843739, 2310.54266498, 3.42690328984
3392.37775522, 2393.33536442, 4720.62537069, 2274.77666042, 598.53791336, 8.97254215066
4423.58560304, 2377.59950117, 1126.11371763, 1028.35388091, 1535.26721192, 9.92436685139
1550.15652008, 621.670575967, 371.348972047, 4963.33346566, 1538.45097321, 6.32777748427
3213.83923046, 761.715245297, 2504.98275658, 2299.11522728, 2122.08932598, 8.54496752774
389.921798884, 948.870597685, 4025.56155396, 4362.11997961, 907.073138724, 3.72455719198
148.24960284, 2901.4957538, 184.794645123, 4518.67143115, 2354.27128234, 2.90601875872
2959.19278839, 3915.04681921, 4315.51165847, 3693.6032166, 3279.49278476, 8.30855773859
4734.41874671, 3710.30226375, 4655.86806125, 1528.08827708, 1972.922421, 10.4794629426
4959.92711918, 1253.19437508, 733.09106427, 4785.8406806, 987.098998976, 10.5012646652
2617.68909316, 1628.2517581, 4542.18789237, 3555.70332477, 1068.74604904, 7.88471704
2637.18359452, 121.436079272, 4219.11580478, 3018.52864605, 2870.92640022, 7.93096178118
3551.85540092, 2194.58700287, 4921.82969422, 28.2498966912, 4541.36727997, 9.02032580946
1034.68103528, 1513.27012948, 4565.19607775, 1011.92064562, 1558.71762498, 5.55186951614
4194.81198811, 4722.44840084, 1029.18243478, 4589.88891135, 804.247879159, 9.52330090671
4172.91375743, 4797.65456149, 2375.80972981, 1956.8783918, 2742.31876848, 9.54556007927
116.557851924, 2699.22120264, 3653.42341709, 3581.6827395, 3449.05875756, 2.69029647394
40.7474862591, 1697.7720754, 4970.51594845, 3647.53191918, 3111.37306122, 2.19928312397
3331.08529498, 4847.27266751, 4889.07979252, 46.6552351825, 417.292404633, 8.78916378473
2020.17145961, 2771.05921033, 2548.79704464, 2828.21774314, 929.2186912, 7.08990549587
291.183433797, 4761.93599415, 4576.62821877, 247.885139889, 4633.98607643, 3.56356968008
4499.81174401, 3217.14012868, 4651.20529351, 3358.18155364, 96.2202543179, 9.86044236431
8.59552152617, 2941.7588733, 925.264221721, 3428.03580621, 3247.62380436, 1.75958612058
1731.95344502, 2801.11722762, 2272.77549954, 3481.57187624, 4877.95385261, 6.71128536845
2507.2668397, 4744.80712498, 4960.25731803, 2913.00937211, 1914.14715145, 7.74670218145
4168.38469681, 1594.44691678, 3629.05576779, 3331.72356902, 1526.03871843, 9.69000382852
3010.73704192, 3607.60337557, 4730.72603665, 3157.99161513, 2843.41259397, 8.49948510786
4658.94295875, 3670.26295431, 2173.91903625, 1086.18559598, 1438.84203601, 10.1647346422
566.021860849, 1253.41977217, 4639.21842559, 4366.00539581, 3164.95770189, 4.2524254774
3129.5955214, 2130.80002666, 2874.39354586, 1643.870021, 3876.15093054, 8.5775809809
4618.4828315, 4671.86921258, 1439.85328193, 3033.22366818, 3786.83620016, 10.1648981338
854.876821429, 1376.60907964, 3107.50535793, 4174.20473913, 435.338152853, 5.13715817214
3265.31466776, 2995.42061481, 3193.05334522, 3549.03832219, 4597.16449785, 8.90887832023
3769.60308242, 4653.60397786, 4474.33782596, 2342.9797509, 2491.10981744, 9.27330203159
3299.58313456, 1754.36031202, 2698.50867742, 1822.50779181, 3816.57492118, 8.75138743558
4808.15388876, 1440.34781754, 3522.09310023, 2318.19783566, 933.32551887, 10.2418472435
1632.63083619, 4186.92377985, 2503.33819107, 4031.28164837, 3185.58880909, 6.51561187567
302.783077336, 1653.14478853, 3256.05865414, 1762.45986932, 4032.00836013, 3.74903230213
465.256116183, 4934.24209187, 3132.75631492, 1471.92802112, 3925.45956112, 4.18156231443
4726.59783697, 4820.83481842, 3271.24102627, 615.66332431, 4685.96542475, 10.189658108
4915.35293304, 3592.24243514, 18.1648582646, 4707.64982376, 200.006141929, 10.3743311173
1975.07381203, 3986.96731381, 2482.83218919, 495.782165007, 767.819642839, 6.93603212938
2754.8924594, 188.078520717, 2052.88804283, 530.399973933, 3706.30892075, 8.01084764406
3795.9507696, 1329.18563446, 3837.47428795, 2242.70724307, 1754.92860311, 9.56580854167
4424.07089739, 3437.6614312, 3450.60863461, 2359.99761323, 3721.01086128, 9.8858872488
3008.48862403, 4700.59762642, 537.970598821, 4583.7266238, 3517.50627675, 8.49542789105
2248.01487652, 3264.91377992, 4791.28158272, 968.947062759, 1075.71445515, 7.51113803281
4999.89430107, 3408.18695536, 428.821183206, 410.51511329, 4897.66305012, 10.3662597564
4140.42820273, 850.627284963, 2801.69069499, 1121.6626812, 1835.90721359, 9.51828654501
4579.49136281, 3190.5100496, 2644.58287133, 164.632613127, 4485.07583272, 9.81396625332
2261.85087048, 4349.52718922, 1432.94312395, 4216.08782855, 4538.93037524, 7.37737235069
2589.49377479, 2598.19024676, 965.310983043, 4811.95447794, 4340.51567075, 7.9723598617
3868.91834024, 1913.13933118, 1035.18428786, 3680.03177394, 679.239557918, 9.42860431235
2328.42751432, 4927.99542042, 3571.02675288, 3383.32683401, 2958.85564868, 7.56699964215
2587.97247277, 4043.46040858, 3424.52586664, 4118.19814467, 38.8745880077, 8.00588889511
4295.932903, 456.812484468, 1171.81139157, 1727.44569914, 3262.26230212, 9.86880914753
772.196534767, 2375.13015441, 1006.71704073, 1798.04889849, 4828.46182995, 4.79512690825
4841.47384948, 549.885302128, 2925.91982135, 1407.77608918, 748.693410468, 10.1162185399
4451.09751734, 3321.33650647, 4076.37928509, 3980.56300594, 4586.95317394, 9.96394809907
3908.24103077, 372.572888224, 4897.2847959, 3609.84047303, 639.848039653, 9.3783907814
2975.44880883, 2138.44907386, 900.247894028, 1551.87891772, 175.578001349, 8.38989359125
1301.23816343, 4425.94306023, 1533.13858588, 2256.92907356, 3625.32395618, 6.02972763334
1960.71935683, 4930.54644922, 1599.90414772, 1053.34662955, 3109.7666363, 6.99738364289
3934.35599736, 3139.79767955, 613.307848952, 398.838614352, 3953.03083332, 9.32617557369
2538.4354983, 1936.95676984, 1725.48019149, 3997.01163155, 3000.99300537, 7.90476209485
75.9436470299, 3541.184235, 1254.23947795, 280.631853028, 471.537209549, 2.32225469898
3854.73258, 1247.84988724, 452.554351684, 281.321407777, 144.160250991, 9.3809876587
427.014883329, 2618.00699681, 4492.29499138, 394.284762299, 4798.22822517, 3.97886771812
1220.40933319, 1962.61602565, 3571.49880233, 875.785024931, 1573.62004005, 5.81436145031
4799.71206706, 2109.37480963, 623.082735644, 3058.98824582, 4956.42131466, 10.4546280037
1417.29974502, 2538.69820148, 1116.8692074, 3182.98701621, 3103.32939949, 5.98161766343
1.76766590302, 2696.95849102, 1182.3120688, 3830.25009515, 2006.95402822, 1.35102035162
1438.13166744, 3832.67811358, 405.986003696, 4215.6671419, 412.413161398, 6.31239553379
1055.19002409, 2344.73918337, 3289.90080576, 3918.30369715, 2214.29595069, 5.45079473812
1245.02365618, 2578.49266438, 410.624625242, 4559.5885714, 686.697518824, 5.93888067914
1781.65150855, 1723.62810713, 2402.99837019, 2081.54661717, 2706.46123145, 6.84912015552
2337.68542756, 3002.33224252, 2988.47832287, 1553.84654937, 800.775924712, 7.44437548117
533.312447332, 2725.68317501, 2595.88389213, 1122.35578143, 3540.34514026, 4.53704348713
664.511460671, 2652.64894763, 154.104795608, 1158.27844382, 4761.07965057, 4.86033416365
3361.14877789, 1489.43179761, 199.055145877, 3695.20370331, 756.059762403, 8.92014698902
2732.36578892, 3599.59010841, 3927.4545408, 3415.14795421, 3529.83602432, 8.00101928196
4595.54992182, 1219.70217887, 1864.18364882, 502.762701447, 3181.32449301, 9.92546283013
864.698174694, 1430.61614305, 1714.77252014, 2554.8514806, 2498.90627599, 5.15484193841
2760.22973593, 793.081532171, 2213.95751164, 1631.01217035, 17.8014920363, 8.18308921797
3134.34338754, 48.6803534731, 3144.98677121, 2586.29036029, 3896.29597647, 8.59851226182
1857.60627073, 2021.26570403, 1210.74441201, 1811.09465414, 243.526869343, 7.06380805337
4735.24499921, 1976.1921441, 3894.58109664, 1268.5113039, 3971.94005897, 10.1941333173
437.650054218, 38.7937124896, 2130.24392773, 3763.86180709, 1541.90279388, 3.91250370275
3639.50917527, 4146.30018339, 4693.82829476, 2070.01876883, 4537.3003123, 9.10305511791
4463.05315557, 4287.19646431, 2578.6724772, 1743.96192762, 4096.50457529, 10.0628100038
2441.07862959, 3161.16573714, 1068.3210849, 4849.33486294, 222.344572223, 7.66984822011
3073.89421796, 1603.59865888, 4625.31584224, 1110.50705136, 4066.80559352, 8.5290994188
1785.53549505, 2682.24888875, 279.405219324, 559.833889391, 3731.62214149, 6.70423359674
2491.31608168, 491.806734148, 4865.48117691, 2853.53658375, 958.133375545, 7.97994461339
2845.75255984, 3817.42808955, 4802.36105746, 486.241376898, 3748.79507155, 8.22368373728
1138.56501111, 4057.48743116, 362.535791425, 3953.22915396, 1161.86318466, 5.73503840673
4586.83936165, 4416.34917438, 3843.43390613, 1891.9086718, 3435.13451497, 10.1247679031
4810.67275056, 3110.42267001, 1656.96493423, 3218.65334961, 2563.0723128, 10.5374591214
682.724036351, 2953.27010474, 4989.94999511, 871.51877084, 1825.22431105, 4.79220490507
3319.80987519, 985.793193537, 1480.71078448, 2363.0129347, 3744.97931857, 8.74850478884
3693.04003941, 4943.28758491, 118.737490806, 1029.10283043, 3787.85600663, 9.26822883556
1759.02739701, 2248.29199162, 4301.97021323, 3551.28857301, 2453.58666422, 6.6932208316
386.350622488, 4423.36026327, 1512.38705293, 2108.10008224, 5.44851110347, 4.02744202229
102.530646177, 338.993334004, 4508.99556818, 1033.65048847, 3991.71465624, 2.60789970207
2639.49882926, 1429.99928256, 916.117953959, 4746.92815636, 369.164701624, 8.04477340094
119.134233395, 4834.52015047, 2922.41706146, 1868.96301389, 4336.62865031, 2.5979701511
1454.92575765, 3422.08708416, 1690.54191257, 423.60025526, 2941.98587282, 6.1969248195
3849.26005436, 1756.81299936, 2479.9325722, 2757.79054854, 695.000519184, 9.21151733326
4545.8216106, 2546.47520998, 4127.92173383, 665.824257729, 400.31556548, 10.0847644446
4377.85864298, 1666.17206336, 3693.17005426, 3708.79718155, 2886.84251666, 9.94298068837
2595.24515893, 3283.36427596, 3674.39481638, 960.691134702, 938.22682705, 8.01095881086
3125.35581022, 1028.27052925, 4420.39232567, 1239.68117815, 3286.52714382, 8.58415143595
2699.82301214, 2876.70568317, 2086.15799184, 1510.37903716, 685.282022921, 8.25683714164
443.436384538, 1857.88517006, 102.557271842, 2979.73290673, 4620.96716548, 4.07738617752
3946.59239506, 776.221507728, 346.450909372, 1885.95044767, 2133.48614468, 9.44137776944
1029.13577321, 3632.57874781, 3947.11098512, 279.260239286, 3479.96389348, 5.61278380087
778.439331987, 4109.53247616, 330.099232691, 4979.71827347, 4548.49163648, 5.02392533594
4412.50943496, 2743.33826716, 475.49598687, 1095.38845544, 1395.78000973, 10.1196147634
1225.52740054, 2589.84022486, 3010.09109145, 1571.85705585, 2683.84812808, 5.98754567793
3110.70302776, 722.386708078, 4925.58076288, 1157.38357285, 2185.84531125, 8.55556518492
2525.40944655, 586.212744677, 153.73624, 4935.37119335, 3775.69399142, 8.03649225022
4415.00244635, 2897.70024519, 1486.71819353, 497.347295429, 2386.7119279, 9.94219754829
2374.11263169, 2647.77588545, 2591.04081471, 4074.81933896, 4979.88430533, 7.72659602381
3646.69177082, 1938.19188696, 2924.81898069, 4690.72438293, 1175.99514839, 9.15445363735
3332.99689757, 2945.80935932, 11.2649935614, 584.487907039, 2278.09085988, 8.92795517127
1769.46977087, 4056.34510339, 3944.08847221, 2233.63142838, 4026.92148081, 6.59564029507
200.016318656, 1584.04810695, 699.53369587, 4018.79083781, 3986.6772019, 3.13260907374
343.759289977, 4012.89187523, 2339.54696744, 4265.55633498, 96.0089409231, 3.75004462414
3347.20288277, 1316.41430203, 3807.73011843, 4834.91014112, 3663.50406208, 9.04515634752
2475.95004322, 622.188585977, 1976.68660096, 4005.1501561, 2062.69773034, 7.8311214133
2329.02471879, 1474.11798984, 6.8692643573, 2330.81936017, 2788.24631551, 7.58329932091
2770.35451028, 3440.14769706, 2818.09334275, 4373.81975238, 573.759955562, 8.03548587318
12.0457326836, 4857.59623039, 2109.38138559, 3651.43532716, 4944.69107578, 1.70507243049
3171.1031523, 4701.1289827, 3825.10379367, 2013.97709087, 1119.40999287, 8.59211591629
4131.56681621, 3889.16821189, 346.525984211, 3669.32981628, 2088.74791076, 9.59868883206
1559.02903846, 3309.69258392, 3176.37352618, 2949.44476626, 1063.2691541, 6.3615212803
104.196183838, 650.552747327, 2888.07657515, 844.704598893, 4960.67944428, 2.5992417412
2082.45576391, 4080.02395244, 686.135653493, 131.012194227, 1008.25450984, 7.17828504173
3626.87786895, 393.779255329, 394.924729432, 1086.80581397, 3014.81286253, 9.20081765524
4961.32151891, 2420.17237372, 2097.12669654, 2769.88689222, 2280.58292659, 10.482689752
3121.65578627, 1543.29508499, 1393.10542805, 3757.40596056, 3115.8896039, 8.84043583412
2094.08352738, 4423.35659912, 1136.23546096, 531.678186392, 1713.79975891, 7.28324189574
3595.09407172, 3748.14994678, 3741.63663213, 4332.68940059, 2883.81595364, 8.90654168366
582.822271863, 2925.0030714, 3962.53658479, 3307.77839803, 4828.18593369, 4.66881970637
3980.74857724, 3327.80757237, 1884.80251381, 1239.81087593, 4857.43034573, 9.72076633196
1345.56090313, 4270.11461814, 3359.39747167, 2416.37443304, 3901.99261715, 5.84981671361
4056.53012888, 328.279250352, 1844.32368904, 2975.0931822, 1410.98459037, 9.5891961391
2975.14359815, 562.936836624, 4444.95399324, 128.80173484, 4702.98584221, 8.29111473072
4705.81659558, 255.193875438, 4172.49134743, 4735.82943572, 1964.74941823, 10.1499124206
527.141211894, 4711.20041199, 4822.97289591, 70.4623138052, 4779.06273669, 4.20595449311
1256.67219556, 1055.87161583, 1931.96429981, 3067.3684334, 3944.24622867, 6.12412118999
2047.29695278, 2023.06574638, 207.288238015, 1304.83885745, 4901.33321114, 7.21029429185
4592.97292451, 804.349618031, 4890.42979748, 4663.11560366, 4963.05952087, 10.2242586158
1052.43977557, 1836.14909962, 4210.90696429, 1930.29604325, 2496.18524084, 5.4590833957
373.682993542, 481.281188447, 4980.4416477, 974.332579039, 3576.55438987, 3.74376979849
2396.95696819, 1327.03970707, 1291.76954986, 269.888064341, 292.433730009, 7.51388817018
1230.96350121, 4685.10088006, 1392.71500596, 4351.19633984, 241.762718172, 5.90724304664
1096.81524426, 3996.75134589, 3621.10752008, 3911.50328779, 3214.99113213, 5.55749671422
4854.72799798, 2686.68701736, 1617.66597958, 3679.8213554, 2973.14103294, 10.247862898
1994.31007705, 4039.33366377, 287.537482407, 4015.71522637, 1134.03237863, 7.19250122411
4493.50475326, 2669.99057052, 1590.73005788, 2413.75525669, 4504.57718033, 10.0252819829
2609.71598411, 3132.5091769, 662.827419141, 2167.53331025, 3457.43607791, 7.89075670695
3519.65289969, 3935.90932271, 2755.97729479, 4764.1379743, 2549.10363493, 8.93785629612
2931.66879815, 1878.02453078, 2241.58795939, 2344.76228389, 3720.57523216, 8.40107555058
2229.50945676, 2732.6098309, 702.750991616, 2458.15857302, 193.107643538, 7.57712580934
892.358249973, 484.311949035, 1430.32472618, 4879.53100462, 2032.61707499, 5.27082859641
664.534914296, 2009.44487396, 1884.2341842, 4469.14321746, 22.4037393928, 4.7236943589
4964.55340952, 2721.68166857, 2034.25423173, 3084.07190319, 1337.88384785, 10.5702670823
2869.87595401, 4962.83863667, 1670.02740396, 1076.53969177, 1306.10598548, 8.29438618309
4125.65941073, 1343.52903286, 2181.20173837, 3995.07076952, 177.982536279, 9.70105666722
4388.04151799, 4784.79428386, 4623.66869172, 2297.76951137, 4285.28886898, 9.79148311964
2299.59227781, 575.775080599, 250.345687768, 924.741498247, 1800.79113033, 7.69172891619
4919.65777541, 382.548975016, 781.472977766, 1280.4042129, 549.340062318, 10.2110114693
4181.00647277, 3000.59099364, 4781.9219117, 1581.73424506, 1827.55191327, 9.62592786889
1567.04405272, 4546.04706444, 3678.52370049, 1954.74198585, 278.730718663, 6.50902988888
2452.67324559, 932.148308054, 4541.56744797, 1865.51936342, 2783.90015301, 7.90401194755
4879.55984512, 2369.01163402, 3437.52907269, 4411.07210744, 1195.21897293, 10.452152932
2063.60719491, 3999.48930541, 4724.92285627, 1643.73487512, 4534.1974651, 7.14208117091
2977.3836425, 4841.17678213, 3336.10470737, 3109.53765684, 1960.39580986, 8.28665120712
300.6444941, 4010.20186185, 459.898934096, 3907.99555691, 4372.63933311, 3.385835394
3464.72207382, 3396.0710271, 4205.79691961, 848.331061064, 852.309353947, 9.09026460602
4631.84925346, 4026.23452221, 4162.36833705, 1571.09757189, 1372.74085227, 10.1183426654
1662.70136001, 408.025402138, 4965.76943719, 1744.10209846, 3210.37924027, 6.52102825585
4120.84359558, 3138.40322584, 610.378411013, 4719.50301847, 1001.46951802, 9.66551165871
4013.60512336, 3440.13339036, 4598.35410558, 1732.80908795, 4726.07967565, 9.44339330775
3410.93981409, 2252.35747949, 2152.76844482, 1503.88162927, 3719.84537627, 8.93238914917
1712.35421701, 2181.34541028, 719.162152725, 4277.49759333, 2604.61772324, 6.54583972871
4616.91208717, 2201.78036876, 4241.29781986, 1169.74543265, 3054.07315687, 10.1461603372
1301.40475698, 3958.39060314, 964.999846061, 2131.03785781, 4559.42135009, 6.00990360039
3685.98094731, 4432.41614262, 3446.42716768, 4110.49816388, 1753.9324101, 9.21796591394
792.744615814, 2198.35894994, 4275.45576811, 2122.72658774, 37.7058071785, 5.05980143199
1788.45706926, 2860.28655481, 452.042404852, 4368.59032481, 3008.6606943, 6.76773406055
1688.61272413, 1478.01361482, 2039.36362892, 2075.648614, 4905.20506155, 6.66987306668
2076.81656055, 1935.15403295, 763.542512181, 4565.06400946, 4863.68930405, 7.27920525602
1070.10378329, 3784.1477517, 3089.58212126, 4103.06535036, 3992.0758656, 5.66946944533
4064.98947998, 4978.84222632, 64.6021634527, 4779.39895821, 1021.17721874, 9.55938772683
4766.21033427, 1829.51072832, 1641.2828433, 4789.74615224, 2635.03019952, 10.4386130014
2935.26453378, 1203.78431613, 2512.0827787, 3197.84049483, 688.06226792, 8.30555086601
1488.51535588, 4624.50448247, 4319.79587534, 328.441620362, 1078.19069972, 6.27542650403
2739.85353783, 1416.51576582, 4545.11461249, 4116.81243749, 2523.91857307, 8.16399777062
3893.57537629, 573.279593428, 3260.27834855, 1045.06183135, 2500.46679397, 9.4722627948
1251.08942613, 1847.79231661, 3497.1208505, 4426.28317804, 3041.51347615, 5.89023937875
3961.42567268, 1020.21203816, 2467.7552691, 4666.79376354, 781.652456504, 9.37658433139
2938.73377331, 244.852440383, 4492.1830232, 4353.86196315, 926.841875787, 8.30146373758
1231.86740975, 1311.47872037, 3888.29628133, 1778.51596926, 4925.30220727, 5.75744991043
1450.25614987, 4544.5654478, 1428.80758679, 4984.38000976, 2771.52034628, 6.13292782866
1068.71742262, 1992.85009984, 4118.95905211, 1631.87522001, 1568.0876377, 5.62753079098
1839.7288391, 2667.13622203, 3287.11817483, 2019.51151412, 4407.50404833, 6.82788633529
1301.50414647, 670.573472808, 3890.60761267, 2595.7782932, 782.678898117, 5.96008279307
1572.16212315, 351.137452984, 396.266306987, 706.99145355, 2922.93503954, 6.53848207754
320.986856845, 4385.67013554, 1758.15550878, 3845.2974661, 1458.33103592, 3.60602391575
2445.66282846, 1497.22095515, 4860.85477969, 456.108697546, 847.531359996, 7.71518505239
2907.05836895, 4400.40742934, 1593.91495957, 3102.06234445, 833.802112305, 8.17208008395
2624.63125224, 2856.72575962, 4716.69944701, 42.545619463, 4956.99968308, 7.91026951015
1852.51111604, 643.965390012, 2640.33048043, 4320.44484771, 2971.83966787, 6.81860228286
2125.27832054, 2137.39537575, 1917.27035677, 2329.92048445, 1289.11939795, 7.25464731226
4905.79195283, 3244.46097956, 502.145670539, 1522.77353334, 3482.77545183, 10.171070329
1569.5168491, 4426.27577441, 3079.39338091, 4957.90594065, 1413.37173866, 6.41960556519
4731.92867504, 3109.63534158, 771.904280183, 3166.05410365, 2971.62787298, 10.4173811765
3874.55952182, 787.318886506, 885.422304088, 3155.64934816, 2537.09284479, 9.17683606775
942.307271023, 3303.01437255, 1043.88984219, 370.758419645, 641.267612059, 5.16547202157
3263.72144417, 3683.30349107, 840.743388149, 2044.78932893, 3454.81632029, 8.7438288714
4086.25237151, 1607.97453856, 2246.91124532, 959.672970728, 378.564415603, 9.50796648754
4684.96683759, 1846.73371219, 981.327428477, 4144.18599877, 4414.34635358, 10.1195315453
521.076417937, 4524.42842511, 1853.15160024, 73.3032652038, 1529.03218491, 4.30200248105
2880.60750883, 2362.71255487, 2041.02651384, 2792.12793649, 4864.53187145, 8.32288928701
128.350787439, 3964.93172978, 2171.01210579, 398.214987719, 4165.40678524, 2.7785797668
3303.10191011, 1343.36224504, 1608.87116284, 33.2512062173, 4514.37081904, 8.7667727622
4309.92994613, 3639.56438839, 1236.32882138, 3755.1522205, 3588.30377516, 9.93047753733
3748.07946109, 309.153394135, 4395.25541534, 334.455130147, 307.785810452, 9.18631588944
1680.21725953, 4828.42933774, 3317.32385458, 71.8330097636, 4213.52306788, 6.65152345782
2350.10405255, 1929.3161144, 724.830107736, 241.893082986, 1572.11760783, 7.44241354337
3120.39298974, 220.302464275, 1707.80439885, 4133.48939853, 1446.25449406, 8.64141648466
4089.27846214, 3294.35321601, 3738.742857, 365.402220255, 4210.10811303, 9.55089143136
1416.72118063, 4552.94055226, 4248.09589008, 2344.22960493, 1383.60352598, 6.14844224528
4896.89467786, 4191.87835352, 1351.93777774, 2389.81681692, 2013.05004307, 10.3516699238
3300.95023433, 1407.0678781, 1221.90535501, 4550.95531939, 2960.32880054, 8.74044423777
131.141156777, 3300.3218425, 2174.22669281, 1432.95325772, 4899.34723325, 2.69925673814
1924.50813034, 458.246445298, 4829.58799567, 2001.1436436, 3711.33218014, 6.84408652747
210.494701373, 4273.06880287, 4869.12163253, 2294.14458246, 1380.72193606, 3.35079552318
1210.78494118, 4031.8303859, 2903.71582366, 4401.48966303, 2295.74328311, 5.74714644765
1404.56990515, 428.472263765, 2569.68681844, 3156.49663605, 4442.89296354, 6.4126472329
3185.70448159, 910.298410599, 348.255238658, 2859.9596009, 3150.41760614, 8.6614917743
1434.39484723, 2328.96687755, 3707.43354917, 4226.21208483, 2579.93282065, 6.14270720043
3645.82015995, 4296.98806067, 265.283166377, 3386.85534465, 3899.90929951, 9.15568205324
4561.95530214, 1667.56546889, 368.469006813, 2920.5457722, 2823.85107546, 10.0773270728
656.909661026, 36.92672506, 4770.91938717, 1717.9267654, 508.727944611, 4.55931316879
1748.27581462, 471.238129474, 1135.94304177, 1712.5979304, 4891.4297379, 6.87288332152
117.728019117, 4394.31704143, 3751.64451433, 1410.8641253, 3991.7796973, 2.61259930047
918.701933878, 3862.00807496, 1627.42808841, 4412.12084778, 1544.0019185, 5.13184177288
2917.54720285, 3802.83654829, 1109.06417988, 254.423419151, 3239.06155687, 8.45123545466
3230.51640929, 4409.87693742, 4513.21720101, 1437.67685921, 4375.38464637, 8.67399112974
781.181438991, 998.048179789, 353.245972541, 1818.06225339, 2576.32209464, 4.93530873875
1129.28135908, 4538.97493775, 1164.12131771, 1584.21013539, 779.754283378, 5.67140069682
4532.81857502, 385.257146011, 3135.49429035, 4967.10551933, 329.880911895, 10.0099916974
2112.64001274, 2748.17671921, 2255.59103822, 1566.52950627, 4054.0901891, 7.44145715611
2352.14244779, 4116.36460582, 1230.07081214, 2921.61929509, 4559.04992332, 7.78275337692
268.767153097, 1843.48820265, 2491.828922, 244.374430993, 4470.23024281, 3.31283779236
2889.80674889, 1908.89258588, 2356.95098714, 1311.36683847, 3207.28256203, 8.22427477293
3345.50290931, 1081.86093814, 630.63952728, 4849.20682105, 740.167790214, 8.6910553609
609.653243595, 2852.36268893, 1583.80769207, 1398.2509686, 1715.10876461, 4.49488137106
4416.71951253, 701.032169568, 4487.14194672, 1116.45503553, 2384.1299341, 10.0861773307
368.488078826, 2891.62396412, 933.771204374, 4287.06108753, 4273.09267372, 3.81069955313
2677.36183766, 746.019111407, 606.771176573, 1146.79474181, 608.244222519, 8.04228762381
838.15036969, 1035.13369526, 3922.52084794, 3462.45532507, 2024.27429582, 5.12326250574
2805.0656949, 458.510801662, 1760.46110309, 1053.22362369, 463.91661114, 8.10894841675
2725.48610739, 4127.97402408, 3659.95268131, 3152.98555037, 902.357550553, 8.08890963563
2658.57852344, 1578.29541703, 3437.86570861, 3884.09424444, 575.32727599, 7.85965049144
2199.11470481, 3612.12850179, 1102.5208596, 3310.56907317, 3628.95983149, 7.5460120397
2440.3261111, 197.631644345, 2769.51872022, 3805.15760368, 4906.60218891, 7.68793830943
720.563425232, 4748.52627324, 3277.91856818, 3062.7447314, 4766.77905582, 4.86862262939
3940.29215781, 3304.08075443, 2272.32511258, 900.099504371, 1185.0182453, 9.26581732827
984.705187841, 18.6630787695, 4789.86117338, 1136.6772726, 2539.50025286, 5.52047832765
2976.12810138, 2257.14396899, 3251.78130465, 3117.28838742, 4574.7327849, 8.39951404878
1483.64650935, 301.222443794, 3053.9612022, 2295.67957864, 1257.45173692, 6.33756376755
1934.26370757, 2175.80224541, 3446.55268433, 4365.69646852, 2060.22988743, 6.91314471461
4860.65630627, 2484.53068284, 2882.82294146, 3325.02465316, 1176.37694685, 10.3622970257
3911.80484991, 1733.97523909, 478.734312278, 2649.17987144, 4948.365123, 9.49263781659
4505.60367946, 4674.03800217, 330.045243646, 4460.83151096, 633.191714202, 10.0167758023
3572.30220243, 2835.60862461, 694.562784003, 407.997490774, 2437.24647214, 8.94276701599
2221.75318004, 3640.75726224, 4790.21204775, 1363.47250358, 3338.94586179, 7.38101912468
1342.14774596, 3691.28638639, 3866.22216455, 2361.1514795, 3708.33402664, 6.08603365319
1571.99845785, 1416.11702748, 338.662044856, 3452.72980844, 2264.66928254, 6.38398451877
1954.15041983, 3925.60811592, 1655.18061787, 3357.61547313, 1706.60927001, 6.86880163842
4839.47579715, 700.36535248, 1392.8341631, 528.498497805, 4539.97872674, 10.3203231775
499.803859801, 4774.74169727, 1636.48850619, 2787.49260527, 3764.18427258, 4.17971956964
3122.15179277, 287.312458406, 2868.43993695, 2570.22605573, 2922.53480035, 8.74299896926
1040.26036137, 3264.05062798, 2749.78329334, 3571.29934562, 147.556625693, 5.59010066775
4999.52968938, 3677.92371664, 1219.01326564, 3203.09119693, 3584.94216634, 10.405625355
3971.13521872, 4868.91412023, 3669.15084414, 470.564590003, 4042.59962669, 9.42468808113
2141.50900036, 2140.19988412, 236.46547709, 1656.72921136, 2363.51879523, 7.40664702908
3205.42970627, 4959.12274691, 2498.09932019, 4546.76467408, 258.858220688, 8.72414766683
4679.082361, 2335.25705284, 3790.64009349, 2278.51341671, 960.720673162, 10.251451195
4366.31126193, 4804.2078122, 4407.84691773, 4558.64307962, 4461.4256538, 9.76134915794
3149.15219586, 3113.87207484, 1408.11832417, 2555.43876586, 3494.23910203, 8.6820005326
3546.94445015, 3550.10504623, 987.269180303, 2418.36074026, 944.825315905, 9.17307243219
689.649003319, 4051.39143643, 1787.00085123, 3780.29399922, 4350.34114675, 4.52670267913
1477.60126868, 1535.23473948, 3393.02122655, 1512.6381328, 1366.35944106, 6.41151112459
1043.62501708, 604.710469311, 2594.38005964, 4357.64849711, 473.742043407, 5.59936483232
3348.41347503, 18.5972350386, 1105.8441228, 3188.33322646, 299.34155637, 8.84456092161
35.6796973907, 4190.26737672, 1066.43060371, 4910.38642735, 2417.66107043, 2.05589179898
2296.63961959, 674.967701007, 2512.37513863, 569.086885171, 4272.61905375, 7.47286403537
221.206957125, 3644.41468777, 2821.80002107, 4546.78899342, 592.436871321, 3.40124606095
1507.48805241, 488.158150128, 2610.30390114, 994.361917745, 508.584252343, 6.38312319048
4745.9531047, 3411.06467533, 4960.66174418, 2886.69232233, 4750.33863227, 10.3143252711
196.03576879, 2747.85217248, 2164.00715183, 800.477335094, 655.594477983, 3.07411909716
4306.39703523, 4984.24417882, 90.8642131686, 2801.56462534, 463.090945792, 9.81146513615
4929.89401607, 146.375940348, 215.274209545, 1473.45081934, 2834.72747372, 10.4269751838
3541.90569146, 2108.78811013, 1531.91549893, 1111.28796702, 2071.27973389, 9.15628519027
4426.48216002, 3113.12832627, 3566.61719392, 4138.88112136, 4570.19156578, 9.80624246528
55.7728359193, 2455.56560272, 1850.47182566, 1781.53876661, 2244.06836212, 2.19080302202
1041.95442358, 2824.51398728, 4889.81570136, 4786.01712941, 2005.10238412, 5.48511918332
3077.99443282, 2679.4311654, 761.622603954, 3848.95992187, 2142.4909141, 8.66491584648
41.9492545741, 3493.67474836, 14.0108029445, 1892.57445348, 21.5586381919, 2.18052466208
2736.85971136, 4870.21712527, 3559.037496, 401.085308287, 4723.64459305, 8.25220490174
910.830298947, 2338.66279116, 1722.5185995, 4902.69627952, 4483.93057408, 5.21463459428
1525.4706755, 3715.28900164, 3877.12263091, 1922.03056265, 2109.87111053, 6.39225855248
4384.77995869, 2515.67615478, 177.087075128, 4257.02959563, 4620.33739902, 9.77498126911
970.451469313, 1942.44766604, 253.731751534, 3803.68224383, 3720.2874793, 5.33641059272
4976.64671493, 4907.95626282, 819.366217887, 2667.37277581, 4418.91562202, 10.4833477184
4181.3006672, 4036.19138741, 668.542113707, 2096.95410012, 2370.56329904, 9.68395145895
534.925825187, 1.84889346785, 1547.67145761, 227.723049088, 3912.73232979, 4.37093032415
1892.72533549, 3334.66740296, 3756.27717408, 1608.74970488, 1751.29717995, 6.86670448813
4304.36870643, 4632.60225475, 3210.29084678, 2831.74289554, 982.922257503, 9.95088476491
3018.60895728, 2909.88259725, 775.625555026, 3116.0828253, 525.204339681, 8.44502402044
3714.66756358, 4206.12355978, 3094.24325929, 667.230826786, 4173.14058268, 9.31173269308
76.1589795323, 4184.43214622, 634.064630648, 1180.45235807, 3810.1380897, 2.42220588172
3999.48667653, 187.612370831, 1425.45448554, 1514.31523023, 4503.04056012, 9.62036746008
3970.51543417, 1271.90974814, 196.262546582, 3371.98515829, 169.816928852, 9.54831102244
4754.45823967, 3323.87104727, 543.105743912, 2838.52932154, 4550.24536914, 10.3872506883
3196.29782044, 306.960988946, 3756.58717229, 603.342160288, 4647.30728969, 8.7095227976
637.73295468, 3333.8064438, 2000.39247672, 4020.41156029, 3316.04061315, 4.60698224951
1221.56846715, 835.523829429, 4782.47716191, 3795.13422694, 2846.85143535, 5.87046761973
2751.22149723, 4974.57173817, 2520.56708498, 1831.54109584, 694.740079195, 8.13263668203
3177.9027046, 852.178622832, 1512.2622005, 936.237418271, 2722.05244891, 8.70334962895
3637.36615136, 1188.30385629, 4669.77520725, 1665.21415544, 3986.70781792, 9.22445770088
1108.43252339, 1445.31051073, 1017.49406215, 4890.457609, 3274.16933001, 5.682488015
2998.02152708, 3436.86895938, 2928.90503301, 2208.7218648, 4165.29242165, 8.27997251831
428.23339081, 2316.62048113, 659.83204823, 3103.48587266, 1870.50474264, 4.16534328828
683.962608033, 1919.31326199, 4579.8950741, 4943.73788836, 1594.72236194, 4.69700883074
4285.85051105, 2743.0747904, 3418.16511854, 3153.31998338, 4056.19173181, 9.80351069464
3465.81183399, 1077.04454603, 1556.92289862, 3387.82328705, 4872.35451907, 9.03878064042
3903.34654657, 2859.33291999, 107.53789099, 4022.48381859, 4856.65353678, 9.28643850851
2510.51852697, 698.410820403, 286.526252055, 3250.17771172, 4824.32809214, 8.038693902
3579.16484061, 2838.20761199, 792.236299987, 34.253168238, 1298.89231655, 9.01621448207
3918.26987445, 911.229164376, 607.523786008, 2033.47360132, 4819.16515015, 9.56908227997
2029.43412583, 2178.61211071, 4162.66439967, 4316.35910262, 88.319316286, 7.14839404232
4570.95809033, 88.0457926738, 4644.26435689, 3891.15891983, 1301.13124935, 10.0781936385
4483.45486765, 4857.1106634, 1680.61776204, 66.286065772, 3244.94852875, 10.0108634502
3954.86950067, 2264.85583848, 2387.33360394, 2095.19192686, 512.880984484, 9.48696987031
2753.9702273, 1771.71066739, 1309.75363199, 110.500324812, 3264.04753569, 8.19182056832
2072.68864105, 460.643475686, 4790.42726024, 1485.35602954, 2984.49477675, 7.07587321405
1414.98291094, 42.3838995365, 3725.96146669, 2407.58497435, 689.863489687, 6.17578763454
1552.95027388, 375.912450612, 1216.91439286, 3480.67076573, 2455.0755484, 6.3279850062
1674.13680401, 4479.11184965, 4850.37702375, 4980.43213286, 4386.70150322, 6.50134139506
1901.10123683, 2020.63726766, 3144.86003668, 744.788513902, 4843.75471813, 6.99587977139
107.030644221, 3777.82336978, 2163.28962195, 1558.32793604, 2979.35009176, 2.60006435555
489.15950527, 1856.50423056, 2697.31602368, 189.377914528, 3660.27035886, 4.36989391625
672.02148694, 739.554942782, 4064.28053198, 675.788123348, 2650.96708529, 4.64380804664
3703.98909205, 4662.79262279, 4676.41830232, 105.311285024, 3309.09634475, 9.21482677202
802.488479166, 4998.81140454, 4698.34063651, 2248.18582339, 4427.16971634, 4.99152233466
3249.87371093, 4170.73725916, 1646.78637926, 2384.21635757, 3146.9103797, 8.93770890905
3729.27573785, 2142.26367236, 4622.35478241, 4536.75880166, 1537.59800549, 9.2293010107
1155.26965863, 2095.23639714, 4131.115912, 711.54241714, 3688.30240131, 5.79879282803
648.783302878, 3170.13800964, 1299.29310386, 3637.54810762, 791.294830869, 4.61945568598
4947.16752542, 3636.42336866, 3423.02328387, 587.676376257, 3977.48445335, 10.5514357968
3935.76922995, 2625.25269099, 4382.16850144, 3622.0916359, 154.80384417, 9.43043660012
2225.63110234, 4992.63777247, 2086.2732896, 71.6491292006, 3515.40786228, 7.53452076599
3573.87795017, 4777.81838539, 2902.94228508, 2778.38456194, 3430.1716558, 8.92038525391
4016.32733978, 1296.5356841, 4835.79254518, 3237.5134634, 4906.05779971, 9.52868119915
3371.78104834, 2987.22228528, 4391.94870684, 1486.55436516, 3829.9571419, 9.05673628477
1954.41715965, 916.922860701, 3840.09247705, 4153.42014852, 4041.53599147, 7.17634905991
2085.63513946, 1220.07060932, 4321.22860312, 1240.86128673, 3099.08629573, 7.04628301095
479.80221152, 1640.83673995, 1235.07899667, 3220.06152094, 2140.69288798, 4.21178921855
1654.18251821, 394.431988873, 3918.93890437, 1053.90412374, 3189.45703597, 6.59118755899
4988.62339471, 897.299366226, 3895.81032644, 410.286566302, 2545.29463317, 10.4308331464
738.218002783, 1106.28038983, 1665.69426291, 4800.47437915, 4792.24375538, 4.74502711588
153.593338403, 1506.80775127, 306.532158272, 1612.77342089, 2263.3160702, 2.98761519363
1411.85727278, 4611.0293844, 3796.06415589, 3833.85790886, 3395.24386606, 6.13005827158
2474.64248457, 4804.56039624, 1039.74829711, 2711.41249337, 1331.79960204, 7.72993694815
355.050381382, 3473.30503712, 2076.86245491, 1682.66996175, 2624.24514673, 3.6821893159
3081.09649857, 1055.95032952, 3204.53658436, 1178.94519149, 3428.11563718, 8.47660341497
3355.05700548, 3748.13690298, 565.711135937, 265.712336881, 4865.46566645, 8.67812090742
3219.91312923, 2115.64859441, 2433.05835806, 3614.49307358, 2156.16223568, 8.55234085448
2050.68277153, 1017.00136686, 278.062848917, 4123.64163097, 4499.92035237, 7.21319829617
4823.11147606, 4210.52983462, 1428.97165257, 2427.97176675, 2375.81024528, 10.3223232526
1699.03414228, 4904.00024857, 1771.79072734, 3609.34517941, 1424.55565021, 6.74775577629
4320.75527865, 2562.31645078, 1767.54710428, 1234.27303169, 1826.18532599, 9.82547083648
3776.99384955, 4721.88582809, 1524.71663909, 147.252502115, 4826.00763388, 9.12802282333
838.119708768, 1902.11306533, 2805.29706137, 3964.78810567, 1324.91369329, 5.09011466473
3358.98423829, 3007.43431397, 231.022102631, 3486.56461175, 1736.29453843, 8.86006547715
2234.40595171, 4148.17816675, 2317.04793688, 2596.14230325, 470.92717929, 7.43126071461
3491.83874495, 952.230803249, 2561.86116399, 82.7675795766, 1328.3270301, 8.7825618722
4925.8285742, 4830.98308495, 2333.75399756, 2437.29998962, 954.123417688, 10.3631364549
4833.06947813, 917.439452621, 2434.18579559, 1478.75872863, 4458.35329028, 10.1643111925
2848.71668609, 4675.57178658, 83.0251713983, 1799.7417476, 2062.11602468, 8.27894491319
2391.40219735, 4705.05214532, 640.482070395, 506.431006253, 4880.41904183, 7.63527123632
3742.05296153, 4257.70750438, 995.527965535, 2701.23962054, 4451.94922788, 9.11728459588
2856.70818078, 4825.01973922, 1708.71886491, 1941.05160513, 3886.69186112, 8.2510555616
1903.90226514, 1259.3444502, 2270.45997504, 3141.4135303, 2006.45014021, 6.94827219093
4889.70782113, 4562.10417879, 2139.87085329, 2667.97800503, 2118.55469777, 10.5630251671
2166.7319236, 4574.12418808, 83.9899938101, 2727.18719965, 1089.74377643, 7.37975036099
4757.65118521, 3106.9022255, 1049.88498195, 1659.96331945, 574.86613122, 10.207111409
541.631456183, 2735.93658911, 2411.70356954, 3858.62430942, 685.742455728, 4.41476954706
4829.28484986, 287.487764059, 2387.3022111, 2571.45092723, 1592.2679408, 10.3564477429
2894.57074168, 3626.22169181, 472.265237576, 487.436374616, 3054.35426325, 8.26656920165
999.08027963, 2375.5368413, 1957.81028083, 2557.43712699, 4957.84519938, 5.43341611377
3076.19773078, 2889.49886044, 2021.01818199, 2296.29376274, 3551.27097003, 8.4290284325
4651.30971031, 2981.53563554, 113.693714517, 4907.23432668, 1808.75003251, 10.2183020446
2310.05075563, 1526.97011497, 1259.75578447, 2259.81963349, 37.5168171765, 7.62696497917
3747.11552337, 3336.54692671, 4690.82132475, 1451.28021772, 2380.80691027, 9.26732139786
2108.54881312, 3489.06862272, 1469.61278024, 2445.13395959, 4049.93610838, 7.24922140155
4489.95759762, 2831.51506848, 4881.59459967, 3824.33535298, 2983.97617783, 9.86728502378
2076.71319246, 3956.42008947, 3762.49330538, 1154.2515601, 1291.62104899, 7.30142283825
574.272854429, 3230.61537561, 3786.84480251, 1007.62011967, 10.3623869325, 4.43839767228
1782.88812158, 4372.97327229, 4837.2073971, 4267.44344814, 3388.78943043, 6.75011725346
1295.82460925, 1239.25940443, 1673.98802427, 3165.97633675, 1066.74061299, 6.08147725412
1307.24487766, 3030.71191726, 2150.27673562, 4232.15904649, 4917.74549917, 5.93646014401
1044.93538742, 134.062450728, 4480.25305771, 974.418973613, 1205.36785155, 5.73513696125
2012.27087018, 4433.02351668, 3861.05508327, 238.668523625, 3756.5999941, 7.12766489404
4830.61447676, 4251.76808858, 2761.22100483, 290.400171909, 73.2264440016, 10.3751685515
2947.23840342, 1496.62636654, 1292.80324413, 3509.88805419, 3512.06931964, 8.27830391694
3045.14233421, 2522.01190381, 2438.33980068, 1598.6522355, 580.887424679, 8.26328630059
3842.23037097, 1882.97043213, 1421.03416896, 56.5119034972, 3898.25441807, 9.33792272978
2870.53054433, 2566.73413391, 3980.4641579, 735.622501317, 363.074009939, 8.33845218213
4281.04031791, 3008.62463549, 3583.04595046, 389.12516526, 2946.8770026, 9.80258453409
3472.29155273, 3011.17963161, 3179.66510713, 592.403494969, 3835.87519607, 9.01170837528
1374.58370523, 1058.73639504, 4282.24721555, 577.294903492, 3443.95332961, 6.17903480217
397.829359007, 1340.22590085, 567.871701923, 332.530231544, 3011.19720665, 3.97436485986
1469.81964363, 960.186637772, 4601.98183258, 1587.03845083, 926.582859511, 6.38871357366
783.0481734, 3019.84058297, 2522.15580651, 297.24236096, 137.312055744, 4.89240752041
1555.50147321, 2167.9342905, 2826.80197343, 3196.04694681, 3461.76818454, 6.69266048676
918.496733827, 2481.78009444, 4336.16179905, 1971.21684841, 3789.94720785, 5.19144862176
3497.61622333, 4302.81077755, 4349.73850847, 4276.39160969, 911.943971598, 8.9006449799
3748.74765135, 1889.2354419, 3347.08741347, 2954.46177259, 2557.29058513, 9.16868159625
1965.21241569, 3969.02127766, 2675.92438846, 4836.24127805, 1786.41437195, 7.33214871395
936.463610035, 4562.39157667, 2484.15648071, 3869.08960093, 2041.15376732, 5.06413483045
778.130000011, 230.492922417, 3457.69407695, 3551.11734102, 1261.96420793, 4.95566440554
2764.85076967, 3390.06682453, 2241.16879287, 1713.54976908, 4384.34316259, 8.07941190962
2882.5279343, 1505.47277119, 670.415593137, 4881.03585349, 4547.11860676, 8.21194809582
1603.788921, 1713.03416287, 3035.13630797, 1570.02376248, 443.899208791, 6.72115549869
3262.76368472, 1046.51663727, 3831.54709369, 1354.61687869, 1680.49900557, 8.90886878859
1846.33229178, 1342.47599827, 3190.5812617, 4647.6312176, 1226.18132978, 6.87323506858
2121.83810817, 172.086413154, 3101.53647627, 1409.7438915, 3641.83587067, 7.20304141217
2549.40836483, 3448.13155344, 1251.23108114, 356.151850932, 3083.59725322, 7.90331408933
2622.32426079, 990.845832718, 4354.0279297, 4659.09899352, 2988.64495482, 8.10733771597
3991.35163731, 1721.50272865, 2992.81270548, 3117.20027659, 4299.68499661, 9.61482816508
767.761137232, 133.860575018, 4754.16860652, 1693.20668452, 1458.58440069, 4.86472297087
2182.54192513, 119.027599435, 4092.36235169, 2609.44340049, 4336.31782314, 7.21014723598
4340.50135807, 1813.28190357, 4250.21819692, 3243.01687306, 1869.22364269, 9.81574404483
23.4732363166, 2418.31604192, 2116.0985214, 4043.29372178, 2564.58178704, 1.84142760162
4918.22993059, 1949.65127797, 1127.17636615, 554.235187961, 4642.8190273, 10.5218636258
3648.19339532, 1009.91160361, 4003.05784002, 3099.33354039, 719.462356718, 9.14217871767
1466.51895103, 2333.83896045, 4954.28652567, 4519.76146524, 3670.08275006, 6.33001962393
2819.81322975, 970.035416195, 4880.34629503, 2946.13269267, 761.686159184, 8.12708848126
2795.31483127, 197.364266278, 4143.34044286, 2715.53427102, 3207.6538187, 8.13483328369
3450.31844634, 1976.43405208, 3361.88625299, 55.9294281087, 89.3745777792, 9.08700151745
2685.25380691, 3119.40047523, 1327.69907208, 2417.15032552, 551.306408333, 8.12960772017
2566.90930538, 1809.74651385, 2845.59341509, 4860.82090431, 13.6476808459, 7.67488330949
4415.38434839, 1898.32255408, 4290.80939057, 807.745125392, 2182.94821336, 9.94701620211
641.242621258, 1673.15240599, 643.88144084, 1384.02073978, 627.124840647, 4.62084839323
3443.96933126, 4462.90121423, 1366.26852082, 3486.77863124, 2291.67233727, 9.1155160313
2221.19522029, 1892.32986822, 4846.86165485, 826.96980164, 3585.24550362, 7.54371200162
3218.83087255, 4884.95072461, 193.248256626, 121.98597815, 969.158119127, 8.64410317232
1172.81050555, 3846.03514281, 4108.64857766, 3014.12003352, 4117.72178745, 5.71128266543
132.231835709, 1789.51744524, 3779.12237786, 663.771957736, 789.238435107, 2.63943875899
2220.78787641, 3948.41302085, 2835.06439868, 2290.97837691, 2623.18066187, 7.49417344182
4415.33994454, 2957.71808567, 1146.47490408, 3960.09238743, 2348.62402985, 10.0771161091
740.392473689, 4713.71414363, 2491.20310321, 4238.94989568, 4344.23364081, 4.67615354425
712.700830352, 3680.04528895, 1807.22340776, 1849.0566836, 2365.30399312, 4.62338660043
3212.68841651, 1501.05528746, 3299.58259823, 1898.29754911, 2776.35549147, 8.77437893833
2688.76328953, 66.6983709039, 2635.95711984, 343.843979532, 3827.50364367, 7.94825493069
4556.02276387, 1213.88298367, 523.774530832, 4533.98507673, 2250.56783534, 10.0893578034
4224.09693872, 2066.84428397, 2604.86659691, 3711.41331139, 2749.51664746, 9.71037940233
2948.52676121, 3892.06466107, 2061.9341542, 253.488147781, 2059.98572318, 8.13158772266
423.371552857, 3441.49756101, 2056.88490449, 1541.95612585, 409.238020541, 3.79823633201
583.882995838, 1648.9660646, 2384.41014792, 1630.24627702, 3744.882424, 4.57316482434
3815.63406237, 4178.29428514, 943.072880493, 35.0275444093, 4565.06987389, 9.30332281233
3414.15087966, 941.104698347, 715.986472046, 603.975997556, 4529.31387719, 8.95775912103
86.4795471049, 1145.52817609, 4618.05913512, 4306.04524248, 2718.98167195, 2.51963775439
3574.17982552, 3285.57699332, 1475.88960295, 1879.63627361, 3579.34572548, 9.15593043056
1924.54311378, 13.3034487357, 878.32270681, 1856.5645484, 1045.45124859, 7.15380740516
3778.01149863, 3906.12575797, 4630.30552786, 2473.18973772, 2512.5612407, 9.23467923957
141.930713102, 3926.67572667, 3163.31397036, 1857.20040425, 3806.47866017, 2.81462625014
1930.81169261, 2741.4188948, 630.047560532, 2462.50971793, 2232.3530803, 7.21793673797
4979.15444576, 3559.97633821, 4546.28012779, 1526.91662936, 1777.36897039, 10.4820858053
3280.54223674, 2902.63402225, 3624.25021695, 1722.73854804, 4835.74651726, 8.74495093209
3540.86497617, 3007.14279922, 2232.21452587, 3700.49370146, 3334.26274219, 9.03116200474
3941.12918193, 4226.64396387, 4878.21054407, 4004.37369417, 1579.22079916, 9.43397100997
4157.27126996, 789.140379211, 4677.16760157, 576.669112596, 4034.07747171, 9.84069095161
4439.06223758, 1235.57382136, 3045.54277621, 4415.68897294, 3133.2031132, 10.098964525
4988.63920866, 2237.56787322, 1924.49259443, 3670.07012724, 3862.94676113, 10.5067737146
1901.79693376, 1405.65281585, 3992.99751778, 4892.72788546, 2436.31240952, 6.89554008946
1513.74142318, 1166.35824576, 3145.69275495, 2379.29253865, 2442.33855366, 6.64617540393
1101.6585471, 3400.02073996, 4932.73627383, 3700.7011047, 2488.87682298, 5.4165716976
435.20650633, 3948.4903494, 787.71441588, 1161.05884495, 3714.95125031, 4.09070453123
4861.52107915, 2927.35183886, 4995.18770393, 3932.77179639, 4045.42900885, 10.3553178247
2386.27496438, 1332.41204807, 2595.89304198, 4428.48611162, 2799.76527145, 7.57300643412
3265.52354721, 3300.51999113, 3131.57048512, 1594.93748653, 4140.15799694, 8.75239496124
141.920624287, 4122.94960568, 736.030927984, 4850.2723459, 3073.88634698, 2.68094459093
2103.50212924, 3646.35001165, 3479.99310688, 1103.27519724, 3119.95233745, 7.27903977488
3295.29559837, 774.548438897, 2951.18322545, 1817.98748969, 305.064123672, 8.89025870284
1294.75762694, 2328.44516096, 3330.89311981, 2006.46779401, 233.545392349, 6.15777204066
4755.75576206, 4320.82010605, 1504.58557326, 1796.7346027, 2963.92955816, 10.1810529475
2392.94399848, 785.018941326, 1890.12976598, 2643.58703468, 117.71345275, 7.76220242422
2280.36194743, 3306.97317983, 3581.6143733, 1988.23330179, 3803.95615787, 7.64342308028
4444.95588902, 4724.75884592, 2856.93065758, 3918.72933974, 4436.17710271, 9.8209433787
282.976942242, 2314.16632636, 2281.65918134, 369.173176784, 4695.929951, 3.48829728241
3261.34028954, 672.752427032, 3513.85892437, 1974.95200453, 1260.09063555, 8.61959600418
2901.58581107, 4232.18698246, 946.561261961, 1957.72497506, 3270.3535209, 8.30148667249
1387.07994097, 2216.68706362, 163.548062538, 4100.97223779, 1993.93440507, 6.19866900123
1754.90936706, 2079.03828189, 2400.82833535, 318.675296066, 3029.04140212, 6.94752916086
15.2011751547, 3942.65518811, 4192.07348894, 284.298724422, 2472.43376754, 1.87146406619
319.23665785, 4446.01918839, 2396.69488657, 1793.7995017, 547.981717081, 3.63802318129
2390.55985998, 1135.75135183, 2489.52673118, 2138.17841114, 3425.0807144, 7.63747287867
4437.05675748, 4723.52508817, 4184.56516719, 3590.87747889, 3427.67076672, 9.92737688278
2726.53673082, 2188.82690465, 2509.82969098, 2289.82454405, 4642.23915098, 8.17458923464
1876.7934989, 4054.18067653, 3910.08638206, 3404.54982715, 4637.46744857, 6.89960188074
2035.26824471, 2119.2468806, 4036.16192596, 2178.66845604, 1996.01835067, 6.92340552675
3519.86779455, 1498.69889138, 3483.0944466, 1219.82044349, 4261.64549989, 9.09615308045
2212.28409994, 3373.67628393, 66.4374994715, 2716.78018696, 4098.12645153, 7.50624835511
3972.67230552, 1686.38176152, 421.448588438, 4854.2983768, 4885.49104963, 9.47597239122
1660.14440977, 625.201619823, 663.144476582, 3792.31263851, 908.429893482, 6.50945999366
1316.85287749, 236.395556519, 745.353659105, 4858.1736184, 3923.98859567, 6.06574007926
1019.0262554, 3995.66583884, 881.223153528, 3695.71162183, 637.800473315, 5.38068118262
20.2056057552, 3101.08886905, 2819.11966958, 4263.8456619, 1459.39470388, 1.90103085576
4270.97259535, 3640.7263196, 4584.83868417, 677.647384995, 4727.91514603, 9.79216900234
3092.27884896, 1417.17406887, 4242.21606344, 1606.05886344, 4727.83118351, 8.46232906546
2560.57770095, 3450.12457167, 363.290048249, 120.004307589, 1116.54048149, 7.93653053544
4160.79007376, 3911.47626257, 4892.79335867, 3163.16559002, 3593.56003643, 9.69418558048
739.630041292, 2675.09886349, 1102.5036951, 952.731265651, 2961.82052563, 4.88505996826
4463.45927754, 959.080337336, 158.941972633, 734.887000971, 1274.67960441, 9.91010576825
2133.60865531, 1380.64055712, 3219.72571465, 4320.71284216, 4561.7129798, 7.25609484313
2800.02753899, 3112.1102978, 2072.93495903, 4242.67523924, 4188.23254915, 8.03857011491
891.231414712, 293.77805405, 1124.49996805, 2469.06839963, 3733.23410901, 5.04311935417
2863.16491898, 4640.0084297, 4980.86449093, 4540.22477748, 1692.56148126, 8.01612022661
3735.7073319, 3782.17980879, 2123.75295453, 2607.84268917, 1538.78781086, 9.34133647706
289.877555424, 2704.55878657, 4671.60935861, 1730.55561865, 1201.44399462, 3.51280971086
964.164133829, 394.318351551, 205.187260605, 548.38443879, 1301.84609961, 5.41823738674
4977.26866352, 4762.78474045, 4194.3578823, 3184.02086847, 4473.6253952, 10.4816341749
4630.80612228, 773.20007179, 4998.50959661, 4211.67649717, 1829.5007365, 10.0603922536
2364.21011149, 921.399536965, 1921.30680783, 3572.71436081, 4940.19238185, 7.56181648701
1720.44054571, 702.182795277, 1043.88144189, 398.95141002, 4179.16734359, 6.63380767205
4294.19056378, 3948.89078673, 4212.60859669, 4149.61651583, 533.858004546, 9.92047674531
2345.0179696, 905.439223848, 781.763761544, 4191.98401379, 1856.77734186, 7.55872178797
3543.62535017, 860.902546575, 4010.28246545, 2796.35750686, 482.347937693, 9.03937209121
2536.19094893, 4569.91098472, 4466.3922655, 2389.00670359, 1301.29004309, 7.84792258111
812.049881018, 1158.14728129, 1254.18994326, 4856.33008668, 2322.56439634, 4.98795923195
376.03964048, 949.249419991, 4068.59186735, 4528.53840193, 3749.52097277, 3.74377459629
1288.91511378, 1955.21529984, 114.09086523, 0.777111642818, 2663.71702779, 6.12916326341
4526.25477074, 3972.85436501, 2552.689865, 269.068860055, 1529.31135349, 10.2385519403
2050.88502819, 4326.63087588, 541.381086053, 3952.26514483, 1949.48154597, 7.20507982796
3382.61781566, 4392.1024854, 4697.41396964, 1045.99547663, 4120.62596045, 8.76854109709
224.083964781, 1482.23387053, 3924.28009907, 2807.24504384, 2500.5452187, 3.32209120446
2179.46341301, 2043.54386255, 3625.38806982, 4268.84717668, 977.7821916, 7.38332037863
2956.38752396, 3258.442934, 3886.73803297, 3909.41879364, 377.391993768, 8.50810738849
4338.18242898, 308.154441182, 4652.36147652, 293.523522244, 2521.84286466, 9.75011465544
2713.59919631, 4176.99635906, 3946.81911146, 1869.63763927, 3368.55454656, 8.10030662747
150.647632552, 4299.98862285, 3374.3902561, 1245.10409222, 536.852014295, 2.76070479055
716.58697779, 414.615918644, 3168.34880154, 830.343379616, 617.481986093, 4.87346399544
1299.85407711, 389.523918113, 2385.86359821, 4837.0713837, 3593.10610288, 6.11398059056
228.417769232, 4044.60746795, 485.911400227, 1712.52721575, 2669.61204402, 3.25469556244
4315.66863781, 1046.97797908, 713.520212924, 1378.63838699, 4854.90826367, 9.93056013682
4552.37629061, 732.388918692, 4996.08552931, 2429.44178425, 2021.722513, 10.1182463606
329.072822946, 2455.45077357, 1582.51200262, 4909.58175453, 1112.47788789, 3.62881291273
1616.2984609, 4577.40041628, 4660.58614211, 1880.8587826, 2357.22936831, 6.2860906562
640.394908933, 3568.43145382, 4616.40279564, 4747.14069378, 4978.87599604, 4.57432190276
2662.900062, 3147.80958501, 3274.13460409, 1535.58142395, 1529.08128277, 8.20790859701
1516.99123546, 3295.85196454, 4544.39396207, 3047.34526972, 507.41457731, 6.34023084655
2888.7214318, 1605.17814482, 1381.91698712, 2574.70459898, 2082.92482337, 8.39244476379
2684.17188735, 1769.17302206, 2885.50305569, 1460.75350213, 508.62826641, 8.00264731953
2542.26323689, 1102.34712791, 464.512090067, 532.257105115, 1811.28569152, 7.98700545216
3389.85557869, 2920.22924042, 4694.13891519, 1080.00751554, 2639.74143742, 8.9845068558
4234.52665447, 1211.97932707, 4784.55553837, 3911.99489354, 1101.59686669, 9.68516156387
1584.5669155, 353.997172532, 1394.71659921, 2237.27770575, 4691.97946989, 6.34417635264
169.31134637, 351.229199058, 2296.52063095, 1920.59069958, 4390.54526153, 2.94783788501
2846.02396352, 4190.72407445, 4130.99273463, 839.563484636, 3996.42018069, 8.19828523108
1395.7722554, 2027.36803927, 2056.27072363, 3253.48738507, 1259.46172407, 6.05782685173
1473.13729793, 2883.06953235, 4928.70412503, 2960.61309047, 4863.06602529, 6.22167805587
1709.09186141, 4976.66200081, 1542.95899351, 2598.23696883, 4545.7216807, 6.7590399044
4319.55269729, 4939.16978131, 1255.14792911, 1172.6627048, 660.790660464, 9.88017777416
1454.59590803, 1740.01513986, 4627.64948247, 2805.27530664, 2710.39534501, 6.16032165197
630.932901202, 2623.44171495, 2054.69675792, 2138.48212429, 824.966990529, 4.53490496743
4406.64913006, 2274.92918853, 1025.74686666, 1885.94353649, 751.18197464, 9.96882387728
2185.92823603, 3088.10523586, 1566.07357637, 2528.56334775, 1315.52480266, 7.31346688568
258.340071271, 374.835293825, 1437.67159689, 3944.89131804, 1018.92581806, 3.42537713444
985.443230587, 1349.15205164, 1558.73619491, 4548.91688434, 1103.45083509, 5.33689124305
4047.47253547, 3864.94372829, 497.377774095, 4066.7998524, 2380.07953368, 9.59833003706
2423.63436248, 3224.95543491, 4763.92786909, 3336.82896718, 1589.35070654, 7.61184385392
2471.95016492, 2967.45153885, 807.865634533, 4794.83298573, 57.2586952311, 7.66825796067
3549.19754778, 1774.30545635, 4991.59955832, 3252.5487952, 3100.74461708, 9.0236844581
819.962961119, 3630.23507674, 3853.09510526, 275.18042141, 2201.30284055, 5.07924648156
1773.67007739, 4189.86738591, 4396.55420845, 2861.44921541, 1370.39612789, 6.62476384009
3368.52394508, 4807.44774288, 4727.60943774, 1596.07606116, 3994.66268874, 8.86141942409
316.930116536, 4174.74177794, 1933.8923844, 620.11583775, 4111.2960444, 3.67949246786
1806.44328647, 3061.38197289, 4941.95335103, 2312.51816362, 2660.51262192, 6.8458643433
723.626909137, 367.815801904, 1561.4425867, 4700.01089228, 2487.19428192, 4.71691233338
2440.99483713, 420.90652927, 3981.87258332, 2846.23981602, 3953.35268486, 7.65893646647
4917.60553182, 563.417672362, 1303.58497476, 4864.22176043, 792.945486944, 10.3431161571
2228.14889904, 237.725365585, 1833.84949524, 227.474190541, 4919.85679418, 7.42355747583
2416.36606981, 220.875547871, 1352.14132532, 676.979087442, 4904.89002492, 7.79374658864
1782.30987494, 430.74321381, 2128.23201095, 848.804981054, 1581.56222966, 6.65819137418
3060.37038737, 4218.83097501, 2466.81362872, 2401.11153969, 1265.4206953, 8.56329761985
4017.9662302, 3414.10525681, 3128.21686202, 4340.48242785, 2763.66591486, 9.53847939234
2191.11296587, 2733.67543647, 324.280497722, 1688.78707784, 343.387077167, 7.48824820617
905.727413796, 588.62788066, 2413.19148629, 1340.02761508, 2610.91520031, 5.22788931277
4071.45646764, 3430.47713352, 4949.87723236, 4430.43719528, 575.732234616, 9.71372310764
4570.08388572, 1335.36772876, 1710.05623207, 3019.43903375, 1226.51050296, 10.1447377986
4894.86940374, 2395.79614793, 2697.90294163, 1748.26482827, 897.660364885, 10.1769658786
1712.60233593, 2191.37401942, 278.778779705, 3642.86364315, 4040.62184381, 6.74624403988
2088.20130368, 3734.24740421, 7.22580435662, 4694.13189825, 2196.77235727, 7.20077590727
2737.75657177, 721.170128704, 2014.44316308, 629.320859811, 4657.15253634, 8.22757306144
3696.72447687, 500.577037118, 4079.04480972, 3420.20421284, 2681.55844166, 9.14567859859
3283.59472756, 3629.49356231, 2370.35032257, 3141.07953064, 1079.95266471, 8.71350361834
2337.45137103, 2118.74391359, 2879.68243681, 1196.3219576, 876.295564798, 7.51013300007
1653.18121439, 3191.800365, 3874.03948331, 4072.8443037, 771.265310747, 6.50812223114
14.5414755304, 2363.04377643, 129.24572902, 3006.44621968, 1073.91836439, 1.93267808726
2474.9854124, 4315.32832237, 4436.69764749, 2479.21271413, 803.498438767, 7.86685325385
2183.27738004, 2898.40464097, 3897.56470849, 2540.33962294, 3779.64036243, 7.55023547815
2713.6514319, 215.034457828, 3437.84221568, 2028.69646544, 3683.32268959, 8.08260205364
2262.104121, 4658.02803845, 2385.44110441, 2817.97144202, 3150.5842154, 7.41011723425
1038.98269856, 4184.15574649, 2653.13485516, 3404.72416201, 1423.96046167, 5.32826813653
1950.79637814, 4906.78963495, 80.0569297883, 4275.34780023, 625.912920272, 6.96132070371
4519.87835989, 2410.56495955, 4897.71143984, 2329.51278158, 3717.2740129, 10.0232975459
3463.37695439, 3616.08009984, 2637.43759989, 1231.81967679, 2226.48423604, 8.95451132531
3074.36542926, 1718.10033353, 3913.07300119, 3585.99464312, 3609.27200427, 8.53595179558
4300.15215347, 2400.68103863, 771.318212273, 1931.36802176, 2749.72198668, 9.96370484432
3091.21436936, 1556.35025623, 3428.51936339, 151.307838917, 2653.30215169, 8.36991638985
2931.3138015, 4890.21213016, 2685.52905676, 2945.75020492, 4683.47753241, 8.2053277085
3526.74412964, 529.078554059, 4296.14382305, 3457.83812329, 1505.24994927, 9.0856037315
4741.31394745, 1912.73035205, 4247.53565588, 966.004344117, 495.061397973, 10.2226494894
3960.8202121, 1909.11246694, 2008.47860381, 911.929275807, 4149.57421376, 9.50536257718
4107.38465997, 1829.74335381, 4039.97517034, 387.328662199, 1696.98324541, 9.63727124594
386.410494388, 3045.57424018, 4916.48080961, 452.760788393, 4338.75700091, 3.71368861276
4959.41934191, 4355.87526007, 350.387639793, 3847.03073773, 1684.39343567, 10.3005002182
4141.25550766, 757.676782392, 2297.91621414, 4866.66291662, 4406.01008654, 9.71146250833
2926.33061684, 3522.30739614, 3071.1175969, 2760.09460335, 2035.63124438, 8.48883923395
2469.80772115, 3037.70428201, 2567.45419814, 4046.85183929, 3542.9218853, 7.81799247944
417.739241239, 2904.72498058, 3011.3935959, 190.77392195, 3887.02881135, 4.06525166863
1714.34555416, 2888.16097499, 2235.92158979, 4251.60577531, 4458.04214088, 6.64235292937
4301.55194903, 39.511412697, 724.226363488, 4179.67168345, 3110.32365092, 9.66429672962
1882.84284277, 3214.11858442, 1254.83159573, 345.682952846, 69.2325411137, 6.71807476332
3007.79156358, 3276.34900207, 66.9463110763, 3121.68076465, 2249.52353259, 8.52336204226
3100.70031169, 2533.7017561, 4931.1540635, 3271.470441, 3412.83601682, 8.60797373245
448.699790845, 1422.55510402, 683.315119084, 2820.72530332, 4510.63462013, 4.02300276179
3240.75435953, 606.344982535, 2979.32892258, 4732.85442235, 1642.98999436, 8.57677376844
858.4966564, 3679.30673296, 1784.75004738, 4420.39781336, 1003.68418578, 4.83791078691
3296.85434301, 1755.93407987, 3657.81350087, 2832.99914003, 334.862230909, 8.97513815946
2157.78716546, 631.636639753, 2.74362833915, 497.018244023, 1719.419067, 7.39537694662
3711.11214905, 372.468385156, 1231.32470337, 1897.91073064, 4282.08514415, 9.09428700407
2433.05049267, 67.2550611488, 824.805653716, 2257.40742045, 4265.20895036, 7.66611185646
4616.79088831, 2200.69213253, 2930.31573916, 935.037667547, 740.186791757, 10.1960764908
193.985549786, 2009.78604942, 3098.90622034, 2631.9186008, 2152.34446257, 3.07993631982
4866.16935032, 674.955704982, 3130.02015674, 4374.52734188, 1907.56066465, 10.4172137095
1107.15363043, 636.600680556, 4648.85133677, 3244.10377113, 4464.44456833, 5.60593847551
3610.75382888, 3867.00076196, 3367.20569671, 4163.8829947, 2942.40612252, 9.30815826716
4499.04481217, 373.493495438, 4408.32758315, 1049.5785925, 3588.28013456, 9.94735489318
1960.09465969, 2455.42450372, 3019.4339667, 627.816411632, 3903.8481128, 7.0409994225
4468.87479383, 3400.33390004, 2644.10358807, 2018.30773153, 2608.34637678, 9.85070066673
1930.02689534, 3135.62235846, 3069.61482225, 647.756526082, 1901.37419866, 6.87062297762
1819.01130332, 4513.21051369, 1529.51913424, 2097.00249116, 144.619189873, 6.95832161084
1728.57078566, 2200.3234008, 2009.17296164, 735.944519558, 898.239735652, 6.72736396491
1373.07179679, 3352.44452924, 3582.59584429, 2361.79650017, 3170.39460409, 6.18837823349
2395.99450507, 4801.36518093, 4679.75297899, 1291.98277297, 3263.57448346, 7.73912695355
738.290749519, 3704.74630461, 3667.40098681, 1710.74676371, 3731.72896876, 4.9037766759
94.6016643541, 2404.40105844, 4659.55181491, 313.749005695, 304.265804068, 2.40037658017
1048.7105277, 4084.91409799, 2807.90694389, 223.592029001, 341.497717371, 5.5047821372
14.9093311254, 684.682510139, 1131.95189752, 4327.34436474, 4867.03528082, 1.7932713178
942.929599363, 2132.83908672, 322.697279657, 2964.72232557, 4324.21722669, 5.18201035739
3319.32448145, 2692.71864716, 2809.64595265, 97.0709581402, 2992.2367679, 8.96539946225
4175.97681817, 1315.93227644, 1615.59161323, 205.686458846, 1966.97634589, 9.8090583852
759.46379501, 1502.60108374, 891.932499538, 1473.9667657, 951.767824389, 4.86754812329
4583.40336543, 1192.99554687, 2599.07350709, 3228.7671431, 3211.26676405, 10.3650167065
799.558106231, 1036.3973244, 3852.6420353, 3259.60550755, 2915.34095677, 5.04555030156
4708.16063469, 4902.91621985, 3136.00286297, 5.08487444881, 4882.87409544, 10.1141997186
4191.96127042, 211.846920384, 4580.64314486, 1218.08079237, 2620.60520197, 9.85201630448
2545.24412137, 2919.34932802, 62.6374987264, 2025.16578935, 2921.14122312, 7.77689636816
1877.26928906, 1084.25540701, 2434.8499509, 1546.54539619, 2004.54247731, 6.89308267338
1757.46715757, 3815.13555751, 3206.92431106, 3500.6327313, 1285.72412739, 6.62662923299
3952.33654176, 12.5940512687, 2387.75871086, 2892.74716739, 1132.66736563, 9.44441130676
2734.43871491, 2144.01945013, 4527.62061783, 3320.00040419, 1916.55491692, 8.14065698314
2915.74885675, 2778.74655166, 4342.40581772, 3126.64503072, 4446.42557543, 8.2180785957
987.289401889, 4749.11357854, 2250.083251, 3255.42177396, 1648.69476798, 5.2565089405
2432.86717817, 1762.36028832, 157.982758665, 3889.10901025, 606.074262569, 7.72332398245
2959.58271499, 3640.33873785, 2933.48645146, 4694.99391216, 1368.9767917, 8.24381364191
1689.2003192, 716.289548077, 4612.43017765, 2093.291471, 184.078089526, 6.69358922309
4917.90878152, 3361.56334409, 1700.32436187, 79.0902563785, 4248.63036093, 10.3764754355
1407.3216672, 1241.22703131, 2904.78664406, 2829.10878293, 254.357704398, 6.36231252138
4278.1152727, 2921.19655496, 164.418401806, 4965.51438966, 4851.50556674, 9.98105318643
4156.52496243, 4726.21074999, 970.847086437, 1260.42049633, 1188.97030842, 9.75951575663
475.902946858, 2101.84280669, 3152.0502206, 631.372983433, 256.061007216, 4.1362608922
772.312655683, 3616.62282524, 4753.42777583, 879.42473048, 1224.04523372, 4.87024390168
700.534022606, 3515.13315328, 2119.8579675, 606.236733321, 4087.06542812, 4.71783775219
2135.00768306, 603.188483897, 3487.85663026, 310.695314356, 1782.18935158, 7.30009362404
2262.23892581, 745.219203842, 992.521842018, 1531.63328406, 4683.358262, 7.49792446704
1764.35511865, 2520.82253222, 4408.29021658, 2432.67722238, 921.416792434, 6.7904112288
2375.29112603, 3644.00556355, 3295.02760754, 3829.51392631, 2907.42873116, 7.61379253206
2872.06276568, 3437.43590817, 4742.21032636, 2917.6650592, 3213.81147773, 8.28184593562
285.875550866, 3026.36190691, 19.7687776158, 5.20784513961, 2863.01057924, 3.49393177635
4080.32169228, 4378.94691362, 2989.98882477, 2484.05589003, 2204.78652548, 9.52368370597
3464.28362546, 3719.57351399, 4073.7476212, 502.425697853, 2795.38680474, 9.02841604102
4303.4415794, 2619.98845935, 1980.76683054, 1371.28107059, 2391.12697751, 9.72547631461
4050.6970672, 1186.78040153, 4310.73818033, 1314.87619902, 1680.39668793, 9.65081329114
4370.94559807, 119.530737605, 240.790811758, 4737.40271434, 4178.57611762, 9.98757396848
1793.82600994, 799.234239785, 311.306740441, 2283.30192107, 1431.62825006, 6.8175428012
1727.52150438, 4124.40166379, 1832.3443373, 372.437038287, 4558.76564801, 6.57687006108
224.125428493, 3019.21970985, 4074.41305113, 1478.49010866, 1660.97984118, 3.30640500033
3138.04357897, 180.593762887, 4735.45972335, 4869.09475707, 1314.04319092, 8.68460114999
1645.85838673, 4678.34099549, 1448.34802935, 3662.95900195, 2372.59037207, 6.6214885108
4612.14261933, 4669.34398329, 2802.5508334, 3473.8409497, 3028.84143766, 10.0745329166
394.138876852, 4083.53488616, 2571.47145012, 987.100216588, 2653.90712908, 3.83943834103
1137.49660651, 2062.98103432, 3677.6662895, 4400.65267534, 2732.92806832, 5.62179787617
1631.42467162, 4924.18447724, 1044.64909852, 3628.15095896, 1521.63781855, 6.33366033008
1461.47990237, 4377.84108205, 3951.73750037, 242.845275442, 2902.43860316, 6.19311931487
595.274226002, 278.218004954, 629.061848826, 4006.55355715, 1427.05572977, 4.36382481464
4558.26921254, 3249.36081585, 3398.67969004, 4105.93536659, 1174.23311529, 10.1490447407
4106.88204922, 3229.54737999, 1839.18938626, 3143.83362467, 4397.75171047, 9.56007975648
1512.76604297, 980.537765736, 1798.27571676, 3384.43999898, 4277.74922501, 6.30711434446
1057.69412196, 4437.45554545, 1514.91350145, 3027.43379562, 631.311683006, 5.55266489854
1584.84444793, 1706.68201485, 4478.03068136, 4664.65949351, 4581.04657451, 6.48751355407
1530.06980159, 3176.56759715, 4056.8679903, 995.269567578, 257.346009809, 6.39209124728
3264.42029395, 785.173821051, 1502.79653586, 2466.76481863, 3691.62900151, 8.54481994468
4002.33432176, 1289.84151341, 2321.95333124, 1834.17780199, 1679.39523583, 9.29128308616
4318.7678727, 20.7619756809, 859.93475171, 1034.17428654, 4221.47727919, 9.90254316689
3549.1536476, 3777.38350552, 3477.0256707, 449.329231957, 966.416267908, 9.17233415643
1514.87805289, 3084.6528383, 1812.09346787, 2645.87927953, 756.761483522, 6.37270846075
1547.36126393, 2905.08779196, 1900.81095642, 3585.54417153, 1579.26245211, 6.43106954944
868.877732468, 1769.83107219, 2567.1779684, 4396.04563062, 4124.65601295, 5.06201424497
3012.11807517, 4796.55183247, 549.923454251, 655.293356434, 4032.43157248, 8.39698009954
1973.17108475, 3033.55722016, 1751.10438204, 3044.85661616, 3697.6533921, 7.00748543171
3011.28348738, 1362.64852813, 269.798431872, 1542.50129535, 413.859851492, 8.44044936089
3673.70826749, 4285.99075406, 3144.67543114, 2224.28520839, 32.7031315349, 8.92269097918
2218.16795712, 1987.8136732, 4057.6481529, 1068.95699577, 4025.05111524, 7.35141982393
1623.04265315, 186.73037076, 4876.31253019, 4670.08175577, 4815.82421682, 6.44210822112
4767.30412636, 4894.91703814, 4601.79548461, 53.2510146635, 143.23014457, 10.1314352242
3263.60847153, 791.786435034, 3560.96197105, 1446.02788707, 2701.12840916, 8.70043240455
4051.69988262, 2569.3662392, 4351.26540886, 4238.40481377, 1747.4317279, 9.58459517504
3705.15516221, 4884.3344185, 4281.65733701, 1830.18643601, 2413.41720811, 9.32162644183
2764.32461504, 1494.51617858, 1780.21236659, 2479.23984193, 1245.33621812, 8.24585798674
3704.43709795, 2217.45162117, 2070.18447116, 4588.67202902, 688.276137819, 9.25587539977
3588.89273331, 3676.38164426, 2640.34621063, 2552.49037234, 4055.25229364, 9.09159416395
2726.6035008, 351.115625542, 3724.40036598, 2827.17406926, 1085.17730254, 8.0688503506
958.167010809, 4306.15952913, 1577.60245407, 850.976555641, 3917.03806668, 5.50415956779
3646.3832257, 2299.54433781, 1446.87567378, 3779.40435449, 3435.26275115, 9.26720576465
2251.1917746, 1243.91351999, 1377.77962008, 2660.04025284, 1734.03552611, 7.52604320614
4098.75202283, 2027.97341274, 3446.54200127, 4425.45309326, 4128.47524, 9.59876339356
1883.03025832, 796.221693986, 2546.10310058, 2874.89017882, 2826.96803488, 6.92853974103
3099.24238936, 1417.97015716, 4138.28076738, 1694.5566917, 187.780306718, 8.74845919735
772.784352475, 3399.60479979, 1727.06081193, 2009.71914157, 3206.9711294, 5.00374207718
2368.38405102, 4498.12489589, 3661.58743712, 774.128125085, 2375.81221361, 7.51999057893
533.710933622, 4424.6036049, 2432.18300821, 3986.34895953, 2383.32536596, 4.26778100162
2267.82056075, 2987.63691513, 4289.42624826, 4188.98768044, 3515.27665519, 7.45207448868
1635.03363093, 1888.53980122, 731.111170846, 1381.77453361, 3401.75410618, 6.52832021986
1670.58921219, 445.878119658, 955.622511474, 1265.51956341, 3994.20749658, 6.81390768507
3479.33775926, 2726.18729391, 192.195521631, 2918.96779313, 620.808238586, 8.99317459853
1970.12032414, 3173.78808866, 2743.32290332, 148.372340823, 1520.32146865, 6.96185020655
1870.24724885, 1321.26802765, 2025.73532332, 3530.6019867, 3378.35448273, 7.13726263719
3956.26645262, 2319.44449285, 4422.46823171, 1356.4511387, 3887.94412848, 9.61536260833
1542.71533185, 3520.64857812, 4149.08514707, 4187.52998058, 1485.32187628, 6.3552921029
1307.27977286, 3112.50726605, 2720.13955546, 467.749459945, 4744.33302421, 6.11087276494
4646.68424072, 403.824056812, 69.4136009922, 1534.64535812, 2411.43422234, 10.2219032199
3050.80315413, 3699.24220086, 1907.40762651, 3278.89242542, 3844.91639453, 8.46481901969
3065.22599891, 3096.33000111, 1432.53719494, 1946.43034938, 4241.18519759, 8.40497276376
2874.90705008, 3825.79996222, 3688.64011899, 4227.93361198, 1600.68565046, 8.25291559258
3475.98136025, 2023.48702397, 2932.38282595, 3629.83115075, 4915.17831811, 9.02693093355
2795.21311977, 322.877303268, 22.3092204692, 3464.48321257, 936.410185285, 8.16809968786
4392.55383966, 2258.13438511, 3031.34244911, 2116.87913655, 1546.41485065, 9.79888198643
4041.78171482, 1823.65369796, 3342.25724117, 3192.31529936, 2317.75068475, 9.65615394445
3694.79183585, 4658.76216174, 2876.58804451, 928.119095094, 3104.96149176, 9.24980299306
4717.30447852, 326.295225531, 4619.29372749, 3799.00046999, 79.7102876019, 10.189508557
2261.92500144, 384.650840663, 1490.31274014, 867.270847951, 259.686017395, 7.51572577222
4343.83333619, 1525.26820319, 3448.96099112, 2498.27225923, 2264.74359186, 9.88669601502
4916.9209852, 360.902858979, 3891.42852129, 758.663926896, 606.555160311, 10.3785793303
3805.16730419, 4376.37492638, 3077.20898055, 1203.16270535, 2283.21371043, 9.37326727229
4538.6749639, 2448.47641889, 2206.81069324, 2868.62199154, 1989.20411433, 10.121217193
118.584486778, 3215.63799377, 426.33235022, 1978.69075804, 2715.17446531, 2.62469174926
1616.39237369, 1385.78489265, 2180.79835636, 1507.23365212, 4462.90598907, 6.54813421407
692.867449254, 4111.1855386, 4385.78998253, 2571.05852465, 3886.90180983, 4.73479993807
3649.16804436, 2700.20676485, 1685.50003505, 1883.41943559, 2146.05713928, 9.21489705931
4319.68319425, 3376.54901109, 1818.71284408, 2565.98766241, 2158.323257, 9.83326984426
2228.77686779, 4227.12574005, 3584.6115769, 4765.9470214, 533.118940252, 7.40298081182
2301.64335369, 269.051046417, 3119.94534182, 1933.42265553, 1275.24268624, 7.49530652363
499.457222765, 3754.4526127, 2917.51399688, 190.725115667, 3991.59330326, 4.1718618847
4377.07168247, 2018.00344189, 2088.68955499, 650.098660768, 1830.5564184, 9.95418836698
305.657211545, 2837.82753525, 3758.7048245, 225.423979946, 608.056441316, 3.64818608402
3894.25752719, 2845.53023699, 1511.49468444, 1817.29819348, 3302.83618621, 9.42633130093
997.792530963, 4872.05452273, 2954.39575672, 3538.07797519, 2294.3994535, 5.20066084699
3896.15294927, 673.269548211, 2050.47525682, 3613.28379559, 1750.53956153, 9.39120682494
2858.55157107, 2334.89949861, 1681.52550436, 4558.32647917, 2674.84867754, 8.1241447102
206.252366701, 1481.85079047, 37.8500908794, 4918.29129861, 4112.18121265, 3.26062247505
4849.37188724, 963.169872582, 2462.73088616, 4973.76592555, 2125.83423025, 10.6321730875
3207.11712794, 4425.47180171, 3886.88155234, 4048.52792725, 3774.7826986, 8.80254408413
1874.85236868, 1420.57322683, 1308.48716915, 4889.65475117, 2834.58573103, 6.96696544148
1182.56712844, 306.683271273, 2853.56884543, 483.865061365, 4322.34289823, 5.8264910606
1189.74714012, 4560.50969389, 296.924661533, 4561.41565066, 1041.36576468, 5.72267531034
1415.88123721, 1833.3126956, 947.942156795, 3696.82531673, 1902.3190295, 6.17812041585
534.565491811, 2234.54486335, 3337.90381235, 1388.42034232, 1778.30562734, 4.32354969515
1913.10522032, 3227.45818176, 248.124008219, 1532.44008037, 2395.8777904, 7.02760714602
4217.87599009, 3997.09594004, 1795.47933875, 1671.84976198, 1763.94526016, 9.70474302244
4650.25101974, 4341.81921362, 257.790862794, 2540.36729454, 2419.95047305, 10.1247137365
4896.43114244, 3534.0918041, 2495.08940139, 2211.90190982, 1706.74524498, 10.389650987
4409.60264115, 3966.12580265, 2071.27702877, 1737.89353385, 1221.98427796, 9.9513800115
3098.82729285, 2508.86447671, 4747.4396631, 4619.27748245, 4291.34388949, 8.43216716157
2508.01817236, 1656.41073646, 3791.80318168, 4976.53906477, 839.870211008, 7.74478894446
3567.59350536, 1055.86792297, 4993.03077167, 891.746411583, 3564.36519407, 9.05132339932
3396.82130884, 476.285748075, 2877.52612513, 4846.69427974, 1760.44967538, 8.71920058134
4810.27024611, 336.956634686, 2534.87696878, 1059.10732755, 1736.94747428, 10.3977265377
2068.34838792, 4387.74188014, 1007.25534367, 2645.60652989, 4050.03422613, 7.12960017054
4031.84877084, 2693.3362854, 2345.58770462, 1485.49031552, 1262.26162311, 9.411958743
977.327489905, 231.458204934, 2616.66576451, 2241.44575464, 3801.8355472, 5.50391912005
3560.11561157, 4187.61013282, 1641.21919777, 4278.08855195, 2065.44803654, 8.92739106024
3895.67478636, 3692.96684463, 363.372657283, 3809.01561674, 4313.32867423, 9.44484672221
2065.50249816, 1272.23392444, 2083.1181542, 2792.76931514, 20.1455964436, 7.12597705996
1052.90208636, 1707.14152319, 1334.53133505, 3386.08355726, 390.661274565, 5.45382198554
2300.02326239, 4657.72655845, 3132.92150982, 4000.24186855, 427.929548447, 7.53459790604
2120.94510511, 3040.52780785, 2675.95999654, 1702.91202795, 3234.95183077, 7.30482975211
542.510575285, 1536.6438112, 4491.15879933, 4703.22063708, 1009.65394653, 4.24711453457
4429.17489645, 3105.123525, 4265.04871152, 3767.12548865, 1723.71451583, 10.1093530433
4320.59599828, 1638.13908547, 4860.45507746, 4518.39840466, 4210.16579544, 9.85499899675
4332.73591677, 4899.25554726, 4292.82926986, 3367.75017294, 3380.34588043, 9.81469898478
3913.09729304, 4376.28949546, 3376.17166339, 3476.60355958, 1298.98394134, 9.49514019217
314.104481763, 2554.85469146, 4500.05163803, 669.603060724, 2917.55800403, 3.52718929193
3154.76453958, 3494.0175414, 59.2593665126, 132.566634669, 1580.22585927, 8.64237235413
3846.37554643, 2558.26324549, 823.950523412, 3619.06263356, 4340.10352852, 9.47553862929
4960.78167033, 4773.87297309, 3982.45948999, 1638.87847253, 1848.31427173, 10.4960879596
884.469787733, 2146.22708426, 2086.32271872, 4891.60029308, 2023.11059794, 5.11877298275
2070.80357771, 1477.25747381, 1435.53513987, 378.414530113, 902.305118186, 7.27067613161
2446.90302255, 4881.31284609, 2183.58982969, 244.070939269, 1107.58644129, 7.49160359921
1912.85605706, 676.145958124, 4700.14029865, 3460.98775374, 1177.89844765, 7.0618163061
3529.61425116, 4495.30698031, 3456.01757624, 2309.00144415, 2152.88523364, 9.08028270661
4286.35920687, 1525.90162153, 2666.36833092, 2194.6888624, 4091.1437959, 9.89271075717
403.977534962, 4820.78880992, 4321.41452651, 4469.2945494, 4543.19233852, 3.91767072207
2595.3349508, 3458.76019426, 4472.06318318, 3090.59360123, 3024.84876728, 7.97289118066
4585.16632994, 1985.42996698, 202.799841399, 303.5028288, 3462.95800738, 10.0995199863
4849.52247935, 2292.13621784, 4720.54684187, 4402.11541262, 347.880596423, 10.3495443648
3719.80898827, 1872.42050879, 3339.97780529, 545.566945785, 1931.03679783, 9.27050060502
2580.71173883, 4569.04215471, 1798.49101772, 2860.10978047, 4664.72082818, 7.92984208038
3594.3057167, 4066.38205373, 2841.66942838, 1034.96117277, 3057.53253765, 8.98770607427
41.9418358602, 283.395009626, 2296.5531151, 4372.42324889, 4047.74495195, 2.11413476499
967.052474371, 2610.5978177, 476.636471414, 341.826213479, 4570.10202778, 5.22251158324
3597.81750995, 345.506558909, 1653.93780311, 374.309926553, 2170.23699079, 9.30962175263
4016.1542744, 2334.60936681, 316.113510478, 3558.03330312, 8.10586751388, 9.48125779229
1882.63958582, 889.056921285, 1549.31546676, 2.1793243688, 2940.67752043, 7.11495770925
234.242297492, 3633.82498025, 3697.59776323, 4765.35185015, 4214.93179146, 3.29319969191
2220.60433624, 148.381489348, 3979.66403658, 2945.30444879, 1532.18403171, 7.42078823786
3091.95221699, 2888.32845473, 2923.76354501, 3877.79715768, 1867.56422682, 8.56060369241
3273.17760585, 1722.11357565, 3394.63807206, 104.177040323, 3803.09143038, 8.73518852195
673.767831634, 576.567435834, 3967.59001188, 4227.70230163, 4220.29874307, 4.65978234726
4590.52497631, 4894.24897726, 4003.63577558, 887.907964206, 229.011288326, 10.0269378522
4521.6442602, 4606.05892609, 3432.27596702, 2739.96711438, 535.911583904, 10.0480770202
2979.2936325, 2001.5476733, 82.3669087818, 425.915539582, 1817.59098878, 8.45669190703
1056.10138789, 4395.42179955, 4267.7311559, 418.061792633, 440.353815252, 5.5457723772
3106.77976645, 1014.68382177, 1407.0986447, 441.822763005, 4066.90206341, 8.68280680621
2076.33452231, 676.724571383, 3154.85042124, 715.975743895, 2569.97804211, 7.06595593773
2084.08466744, 2331.60715766, 3555.4718712, 2321.34430006, 4125.54570125, 7.32158887073
2781.50289037, 4614.97129855, 3223.81949782, 1610.80703565, 4418.43766955, 8.21872736569
3906.08344487, 4931.76560704, 2725.36492849, 417.704189334, 3914.85395374, 9.40051905803
1151.50119953, 2856.17069974, 1525.34962325, 2512.81125766, 1207.58733178, 5.73156576436
666.564701515, 1428.5271367, 4484.30934765, 4224.30378783, 4913.48393558, 4.6723308778
3446.77261823, 727.095216262, 4262.72510267, 4217.27510067, 154.771027578, 9.10179180867
996.219334237, 4458.39599097, 2213.20355971, 740.120532833, 165.688356576, 5.35422107233
3533.11212796, 1533.84882557, 1100.77053461, 1496.19314217, 514.52260657, 9.03704094004
2385.20145703, 378.489099308, 1172.74021656, 1716.77333728, 1114.10443901, 7.56476934257
4931.25872451, 3408.23124708, 3675.83422362, 2311.15184569, 4896.17626498, 10.2856271799
1336.38196191, 4789.73645258, 3748.03111879, 4713.17658685, 3362.38605087, 5.97565981635
763.249155605, 311.945397446, 4067.15989941, 2092.62990576, 4760.55339337, 4.90975057091
1990.37345229, 4631.0925068, 3734.424052, 1768.18659368, 1904.46705835, 7.17310316734
2841.35968713, 3516.14138578, 4413.74824446, 3434.31970974, 3988.92133631, 8.09347686764
4150.17693537, 7.05262203298, 4696.81194326, 2.30098693456, 2568.74003169, 9.4939830711
2868.0135825, 4696.273824, 3581.31504859, 4242.20924835, 66.2814825337, 8.32248531959
3430.82613448, 4541.03925371, 4282.57587209, 781.876459568, 1472.58323111, 8.94445581535
3759.65519757, 3636.01968225, 4506.07866349, 3137.97728861, 3423.99675268, 9.28168598467
1989.01786296, 1364.31853008, 840.023627012, 3533.02539803, 4927.32178019, 7.20004439817
2502.82214175, 79.9669715151, 4402.4134792, 955.950923658, 1310.11868732, 7.73354701668
3875.70195137, 4894.75982335, 4649.75780857, 4192.10877705, 3236.34257038, 9.39644334811
781.063537189, 4175.77385219, 2829.9334097, 2871.781011, 3514.97414536, 4.93407351412
4099.19116063, 3390.91714996, 146.786109983, 3432.3023302, 3035.82586573, 9.48452393963
4975.67977557, 977.968343373, 411.53364909, 1565.62318538, 1012.5470449, 10.3406134502
2365.66052185, 2237.34595378, 1756.23538913, 587.736366073, 3889.54794062, 7.71969119469
522.33539571, 2517.18870836, 482.95881157, 291.988878661, 2861.1616192, 4.30618151624
4089.23555813, 1508.55939449, 1865.3182975, 1823.4761809, 1605.83671301, 9.5256527652
3354.78082056, 2087.34978807, 883.122083855, 356.348323035, 3147.62591969, 9.07788926528
3232.31405274, 1660.22382048, 1565.26487117, 2677.323153, 4604.99076657, 8.81523141924
3810.00736152, 4206.53042598, 4472.22151505, 1886.37660515, 4857.01118148, 9.38680049583
4153.78954791, 1167.90958329, 4203.5263583, 4069.25152116, 4612.26203384, 9.75424970463
832.360495808, 1185.31362154, 321.66811139, 4055.9739033, 1905.2070331, 5.21630704148
4873.71072423, 4215.61833826, 2376.14916846, 1678.52717832, 2114.68907499, 10.5076903239
3331.76941102, 3436.32890087, 620.547794147, 4782.69125738, 992.9951025, 8.7556481479
4969.0597024, 90.9560416282, 4229.3926094, 390.308314337, 1252.97633947, 10.6118729865
637.545215977, 498.780055488, 4878.34091614, 2297.81416904, 3707.51805617, 4.62044475823
2606.40148766, 1125.55329729, 1952.2046232, 3267.3148717, 3490.88361363, 8.07903846748
1674.11218653, 645.033523099, 3383.29009911, 260.94898474, 1809.16232747, 6.77361888943
2787.69769524, 3826.21794514, 4252.32681223, 1828.96924449, 4503.92050707, 8.02150136445
2817.41331044, 2940.782773, 4609.13578395, 3671.23288492, 492.464549721, 8.0666836429
1776.28816231, 503.029347357, 2236.00430123, 3624.53133621, 1727.06702466, 6.76586594475
2860.1562985, 1537.83611838, 4356.16692916, 4263.61797334, 264.201924095, 8.09323352345
4920.92029016, 3754.86102375, 3952.74872368, 3139.36810442, 3738.60895747, 10.5115073364
3639.83429429, 1577.52058687, 4713.58908618, 4848.39910473, 4673.90523273, 9.01943448077
3025.71819078, 630.780774439, 585.241350378, 827.21992639, 4790.66856744, 8.34335352862
606.983894665, 2306.25227203, 322.141356641, 3661.18727329, 4261.29483662, 4.56812813092
961.444947728, 4292.27864104, 3995.93196695, 2202.71669974, 4142.52484154, 5.12776436865
2504.63046513, 275.391610416, 2897.08090997, 4835.32067632, 4619.02942803, 7.90679388278
633.764018009, 2566.86433535, 3563.02369316, 3617.22750996, 818.422213945, 4.46421574173
2871.25621146, 524.0648663, 130.140821362, 3651.00677624, 4314.07681109, 8.17040339069
1937.37334077, 903.702811053, 4046.38259544, 507.161525756, 4558.90077413, 6.96118369984
4180.50864481, 4990.59362655, 4828.29139195, 1286.86776234, 1914.83916366, 9.52845362323
3529.59514866, 405.87807865, 3875.88606535, 4869.70359451, 2313.17182386, 9.19290001402
3762.77612693, 113.084117945, 3003.53915583, 3607.43865133, 3723.26149517, 9.32168988061
4100.15999542, 3658.91455809, 214.163152432, 4457.36007874, 2091.87766401, 9.54448730677
2150.66418712, 317.42542729, 2826.78057815, 444.833100706, 3846.24401383, 7.38567847162
1722.02224062, 4435.4864391, 4078.18826378, 2627.84419207, 3525.11044766, 6.60343396997
4224.71368338, 4628.82355964, 3636.81653983, 4464.70991234, 2157.54114757, 9.76548643152
407.000727066, 1526.9627291, 1961.22683435, 1901.34680781, 3906.73201619, 4.0685586497
3707.55112106, 3606.35472838, 4242.4609755, 997.234355665, 4084.69743104, 9.13974535414
146.894091098, 4459.1686649, 1478.28681962, 3155.34224904, 3866.15251938, 2.70160760219
4069.9740244, 4807.30802241, 4002.49828081, 2666.17379511, 1207.33884398, 9.60401486566
1858.08636518, 3509.371976, 4702.70682494, 1446.25520729, 4012.77895346, 7.00357246418
3493.52750301, 2723.89756682, 553.561064743, 3938.79517875, 3911.58360752, 8.86068523742
3554.19589067, 2822.43204528, 1519.66720212, 3589.63857291, 2789.94618107, 8.92666680372
4109.62914321, 793.895777992, 1034.62726356, 1310.8701958, 4143.24678828, 9.79688228554
3454.19437282, 1768.01551747, 1919.2663949, 4742.78647743, 2188.29064982, 8.90381391511
482.867467571, 3398.09931221, 2909.32127869, 968.673214334, 714.742505037, 4.18929296289
3280.64984711, 465.193381069, 4367.11730151, 4209.70508887, 510.599067755, 8.8932930858
1232.57196439, 4204.1804175, 2789.24918172, 2334.20091215, 1651.22690463, 5.93909373981
1340.1204609, 3751.24140433, 4982.67110264, 73.5370554379, 1665.20466876, 6.22364853823
606.193654945, 4084.33284526, 127.748998029, 2867.81385895, 2481.39553156, 4.52168779226
2381.63238667, 2841.36931698, 3489.55395646, 4092.70834037, 846.977868532, 7.60076543926
3154.75535887, 222.693517414, 2766.08851082, 1484.06531303, 1108.85433926, 8.37893573757
3785.07837996, 2292.68276817, 2230.34176869, 332.889534478, 1100.87655444, 9.28332047401
3151.68156917, 1178.25012354, 2620.7218291, 3529.783451, 4301.74075024, 8.66492142367
1601.86698545, 1736.59289855, 243.390672806, 2142.87175657, 1817.32704362, 6.51802925151
685.4698633, 189.43779648, 1095.32042948, 1378.17667971, 3668.6455375, 4.68367158201
2575.39672014, 2280.31041671, 1659.55914012, 4556.74794559, 3491.89363882, 7.96518786823
3048.58015719, 1903.76700965, 1479.96544955, 4899.56183871, 592.00678735, 8.55433460045
639.249601893, 725.678185077, 2040.94214361, 475.528326066, 1278.66190266, 4.5556751993
929.289753851, 820.441806107, 2529.64696844, 1209.20703902, 2609.4928011, 5.35351979469
1664.43101728, 50.2321784184, 2044.77437001, 432.31166208, 184.476643791, 6.40889048005
2382.61615171, 3702.41966531, 1054.11023761, 2590.93357762, 2392.79637416, 7.70803816697
1066.5824497, 1402.79683048, 3261.29878086, 900.279613005, 2496.36549808, 5.58383278928
1059.69330418, 501.286375388, 3663.12093147, 3848.81123896, 2757.6593964, 5.54904379406
4452.42015074, 2994.53219504, 3780.43326026, 4319.53966226, 63.6359072079, 9.92795842869
2508.55747141, 4941.56221208, 1172.96863673, 4060.07779732, 2712.92750639, 7.79259914127
3567.39183329, 2765.61716823, 2362.74278714, 3406.44271816, 3010.32363731, 8.87413908071
4688.20293759, 468.023628099, 4362.09625773, 1176.06646588, 2817.28111782, 10.0653334157
2980.8506211, 3586.16900746, 905.506053806, 3928.23668129, 141.32214306, 8.21825726117
174.195986064, 703.847569706, 3725.29964738, 2686.03405683, 4689.59618022, 3.09742663026
3997.83836077, 2633.90911061, 1184.72884461, 2812.37337555, 3806.88757365, 9.29681829961
235.774202302, 2891.76637334, 680.986622219, 2196.09958131, 3032.8792672, 3.26389298364
3155.88649736, 3503.45570107, 4378.29727825, 3821.53984594, 3926.57910744, 8.63773473095
3549.51369032, 1082.34323284, 3883.47865181, 3213.21776342, 166.771631193, 9.03798365147
2987.58561293, 4708.77447106, 2481.68229217, 3522.13418835, 3830.78735179, 8.33722878
928.540346181, 4382.67808758, 640.541176552, 1556.3714653, 3694.88407589, 5.15607011616
2935.12882172, 4776.48679649, 1991.14059209, 2707.96021064, 423.560090184, 8.48385578067
1607.88718436, 3023.32061575, 3379.62631676, 946.617321834, 66.578612942, 6.5118250098
1770.9087581, 1955.20177915, 2210.05121156, 1445.46471421, 3050.32135976, 6.78873598014
1512.03521171, 294.893189115, 4350.33350309, 902.303042538, 2142.95283645, 6.41395246238
982.426503971, 2262.14715826, 4804.15966474, 3684.19927793, 4875.74597755, 5.36930110539
4047.00958157, 2272.39219947, 2711.47295619, 2191.45212919, 2159.02693109, 9.71732781908
4430.70559916, 3694.53885762, 4408.44180017, 272.821573347, 4645.49478874, 10.0732471501
1301.79702093, 359.486366519, 1790.79594208, 4409.40074634, 1346.7829159, 6.02051766402
3702.15392151, 1028.55002813, 2363.57577411, 4324.69676307, 4376.27423047, 9.29840286505
2383.50232729, 3936.51742555, 3248.42928925, 528.429533058, 1578.43255791, 7.670462862
2625.73026796, 728.047514221, 4444.56163648, 3324.94262039, 2083.68809476, 7.84638562749
713.19698971, 3872.42650696, 3346.39357531, 1951.44142978, 958.04047519, 4.59602689007
374.815697213, 2671.67111553, 1622.1847194, 2703.50156108, 1438.9281901, 3.76818467498
4816.67575546, 2235.78175586, 1806.86382264, 3785.44483051, 1234.95474016, 10.177437886
1994.19384559, 845.573455069, 2883.82209658, 2843.30707118, 4078.36753121, 7.23651334223
4469.77244736, 3821.63808262, 324.368643337, 3403.890096, 2025.47867533, 10.0612080448
2978.46763324, 3922.19260067, 1754.51125859, 1859.09241613, 1374.34385655, 8.42663545651
1911.6015841, 3962.71250875, 4221.01281757, 4717.58792819, 2557.47012361, 7.00583173022
272.150829466, 3340.94451931, 3556.84525034, 3710.37487491, 775.419650936, 3.47866104379
3231.95428181, 4240.87774234, 2614.79390384, 337.955443514, 2140.79222036, 8.60986754594
2354.70679469, 907.167627662, 1966.03542893, 456.593027639, 2436.02397189, 7.55812673727
4795.26926312, 3660.01187913, 2621.79178246, 2575.67039174, 4765.74868763, 10.3179255676
3877.19962623, 3228.22754598, 3721.39405044, 117.937973643, 1889.90066411, 9.3605310815
1710.30426419, 1428.48979184, 4395.66735567, 999.994957255, 1771.28031704, 6.81696071229
4563.78806079, 4463.46309295, 435.982071646, 2640.79993587, 3830.83469885, 9.98054678491
3749.84771442, 1157.90376983, 4608.63388149, 4706.96599684, 1005.95411428, 9.05760791048
3503.70063461, 3359.61833868, 4866.64600424, 883.315305284, 400.965465458, 8.90205922252
3524.2369076, 428.568981471, 1157.96843784, 4959.43764802, 2715.03818022, 8.98428053096
1537.35023474, 2676.04378686, 2812.75789663, 4421.39454634, 1754.40811873, 6.52697121711
1103.63033864, 2066.17862767, 3090.48499484, 1067.73227241, 1555.22986478, 5.80767350308
3361.07944874, 4065.87025908, 4781.53006287, 1826.90963023, 2068.94678553, 8.78629737567
2685.30604257, 2557.47865761, 2482.21507081, 3720.93680495, 3243.92035248, 8.08525618721
4095.08859964, 2785.20093631, 587.342254153, 422.576921678, 3046.15394113, 9.51072768247
2895.26509599, 2672.02455672, 4853.71595852, 2495.89374246, 1412.2443118, 8.20630614896
1482.13388858, 2371.71575853, 4779.12063547, 1900.43687743, 3687.45103857, 6.3530849945
504.920961382, 2081.19911185, 463.949773267, 2882.65394083, 77.4019722855, 4.15213921637
1090.20016235, 470.718735998, 3226.44291842, 275.535751219, 1022.79691797, 5.55430956612
1584.49547288, 2580.16659411, 3633.57589092, 2840.87342801, 2242.94012616, 6.44456789043
